cod_loja;faturamento
1;513191.80182118405
2;51389.28887919226
3;135871.5594598004
4;47850.66564993374
5;177863.175322391
6;197657.90353852147
7;89557.6511228124
8;109630.94460260426
9;254397.9979540394
11;65378.25199786346
12;48708.194343985255
14;97971.47918559075
15;105696.97944986017
17;90979.567383161
18;45753.1466240153
19;104402.11168905202
20;139131.07392968787
22;107804.74256272921
23;184081.7050674771
24;119260.49575294611
25;117480.7672934477
26;133629.9437610807
27;36822.87833969153
29;145166.00017878643
30;88224.13901616388
31;83086.26574099113
32;210021.23524479344
33;212392.90191727938
34;191052.99330195415
35;150034.6854019056
36;68886.96534090028
37;192367.16901999046
38;110471.51698799645
39;142122.7750453287
40;125462.35009982526
42;223349.0345115338
43;65752.46622588726
44;210584.48132748273
45;118532.80973738461
46;178622.59527573167
47;112109.30253570549
48;169499.87967340788
49;79049.3677123034
50;73118.28818030981
51;115960.05008415629
52;121704.13969748451
53;122484.44539969205
54;132579.61450156
56;127801.53762145543
57;132032.17283537812
58;133020.8838806323
59;119874.369205845
60;178047.19344255677
61;66816.77690366025
62;143586.11641819138
63;87016.78193306623
65;130086.33071943915
66;217583.05292349402
67;348844.0571566886
68;106338.14136518708
69;64427.4866593515
70;42214.58437666156
71;85865.31445468495
72;367363.75678733777
74;95479.29794179514
76;230725.99976072437
77;105116.61265215925
78;119734.49789652454
79;144212.4969495702
80;174814.31997569939
81;107457.38053577203
83;82298.74131876853
85;131600.27343980424
86;176037.29221787505
88;140778.5976705633
89;108072.42364542633
90;86252.5615736231
91;82748.93170256929
92;81791.64982458674
93;134193.62127650253
94;171894.3222071645
95;84963.05764985859
96;92382.31987935443
97;123552.78718921862
98;94073.548168839
100;36056.37327148715
101;94476.29105361155
102;93449.92663629317
104;79046.5211297782
105;124422.40391720139
107;60217.21414850138
108;63281.87701100759
109;78995.43686892673
110;110085.8330718691
111;97242.71739860951
112;97222.7428498849
113;248148.44593747667
114;106482.70449451501
115;70175.00093753419
116;211453.19478862314
118;142988.3137768181
120;135670.2328951254
121;122610.4256780757
122;49505.94588121246
123;147422.94759289155
124;102543.67860197315
125;133494.95535460813
126;277551.93237890286
128;202247.03566134544
130;166387.07237450944
131;102828.14680520659
133;77045.58300588767
134;117514.82109373517
135;37876.94024428425
136;207469.5381703331
137;48539.26185469675
138;248410.92586094237
139;116253.75597068713
140;183860.3209221994
141;64137.316860768864
142;63629.682605221686
143;352211.34310216916
144;175887.89679461424
145;143359.49507254284
146;92453.52987777075
147;211789.79190780828
148;299477.2984057673
149;50202.44247608634
150;119714.49999034764
151;112880.39587685431
152;141244.27039047863
153;143317.1892258637
154;100351.43285835609
155;228733.82413102724
156;78759.32048377545
157;31569.12219413403
158;52595.815732129035
159;72594.58534126244
160;196729.7799593235
161;31128.291445143183
162;134384.4897955658
163;119326.16370323492
164;225403.68213420734
165;170608.8350577861
166;61867.13144890412
167;31374.763452920666
168;174094.48598537274
169;351296.2481089773
170;67890.74469877266
171;139655.1236284745
172;102089.92143671382
173;131543.8300889819
174;83669.33221458642
175;227415.85344629173
176;217093.08057073224
177;279916.847265077
179;205084.80323449764
180;121730.8111990058
181;96453.03145230362
182;192366.8753687419
183;52651.0026006175
184;175683.69959456057
185;215816.3027968893
186;50481.56151203732
187;218843.25275467001
188;101888.311825298
189;85973.71576019879
190;98154.13334924147
191;127086.93273274366
192;112593.19275553296
193;114339.93979025986
194;265418.8512721591
195;134130.07899451655
196;47572.56110862741
197;249460.28339524145
198;54973.22682534502
199;43489.55398735538
204;278039.0770214875
205;137215.34566204136
207;186791.61993710557
208;205116.49525744992
209;96537.36888066377
210;41993.01540139442
211;114146.98627443174
212;75384.19695017343
214;37093.21609459571
216;211250.58592785857
217;121682.41025861523
218;128818.11334593303
219;51935.600050804496
221;103061.26578412046
222;136753.51840819707
223;143178.3260637717
224;38977.23873459905
225;40380.26112228433
226;82405.8398717101
227;118713.30770431703
228;203269.8610648627
229;152134.7673031321
230;113897.86286020307
231;46020.44589031016
233;41069.76851869746
236;179684.2067555797
237;37640.682796871566
238;139622.43355752033
239;71887.95118609503
243;106141.99037303688
244;239791.69241204925
245;70958.20686683197
246;202837.0550200285
247;103871.17200314983
248;135021.62417331198
249;105997.53068092554
250;64486.29720171844
251;31852.8128099953
252;104041.52811127804
253;84695.13232735546
256;116109.29929592258
257;99742.43208934313
258;39352.52793320218
259;89431.05605218267
260;119940.29931352129
263;61798.29406709053
264;38273.16317577186
265;106095.15402317379
266;119846.72381040886
267;81585.43493567077
268;74197.39724765824
269;125719.77737067454
270;334518.42285562534
271;181646.63697048082
273;101136.11918132486
274;131827.33425586985
275;121875.15763757222
276;107470.35354620568
277;92367.18092745064
279;47531.33068711837
280;114734.04013608828
281;120090.49301336285
282;115690.37737831054
283;271630.69228509115
284;77073.58041883902
286;134178.41122531524
287;37005.095844931275
288;33294.64276377086
289;84487.84387701265
290;111343.0578386673
291;142338.07880958138
292;226086.33964673188
293;260514.20524168757
294;327883.2069665529
295;200407.62263640467
296;88216.98711612356
297;68169.94301448755
298;31146.117158907757
299;75822.09346592221
301;129183.01331835265
304;46556.583607882785
305;66030.85401012537
306;110399.43988551213
307;271661.5463461355
309;143210.59234214525
310;135100.7619413335
311;93853.19983969862
312;50206.27694132575
313;141349.00442176263
314;74260.40763962688
316;111203.3099058409
317;102135.52571037608
318;131314.92399032513
319;65565.1667445613
320;192510.4862251891
321;113984.36196529749
322;67507.27893294072
324;69993.96892713232
325;35934.39282381319
326;43062.92101482554
328;280702.49627595925
329;179785.9782046385
330;137675.82615758173
331;109293.88513792508
332;97576.90726393236
335;201541.56089271957
336;41685.48434093006
337;117934.99914714498
338;68265.10404072648
340;84296.7418860288
341;50832.08434138839
342;77595.08561538647
343;243073.1856297177
345;163669.21341622935
346;53437.7848788676
347;52471.05841286818
348;69498.53185643775
349;91752.63005484191
350;52322.90754168729
351;68927.07071736007
352;48589.35385472415
354;45711.9129794632
356;169166.19526535794
357;137199.08443179514
358;90003.3909056206
359;150125.40619582913
360;175651.95438279244
361;94362.86719657657
362;88902.28738752408
363;101398.68519406981
364;140581.35566773018
365;66789.45537952035
366;132373.13456138517
367;51899.15032911885
368;234452.78190464343
369;51210.447369829635
370;42906.27152185371
371;252903.5844887614
372;227547.27777841451
373;76018.86328507999
374;203267.10434261418
376;62175.63378330452
377;94895.42793415514
378;121343.55685487135
379;273693.93638582324
380;205494.3870262419
382;48601.444323904776
383;59447.41943514685
385;188810.2651131608
386;131614.48062798948
387;69282.65266140022
388;90881.33241773798
389;272871.2562066003
390;84604.9339324954
391;88200.59411762527
392;77309.67710460936
393;319326.84336594905
395;37737.74531036958
396;69658.70037853204
397;181306.92201831317
398;90299.55997715867
399;42152.34916629668
400;88787.74120551652
401;118774.27177848599
402;36302.75862974723
403;122975.27509688605
404;49542.5534100826
405;120613.83711560497
406;86049.00640553552
407;95746.48676087488
408;42995.22997106297
409;74554.38342819428
410;138394.58042143405
411;90408.99275003311
412;104228.9607833904
413;65024.35685743601
414;117307.66716723914
415;79303.45054430368
416;132609.1952600605
417;130562.40781517715
418;90455.72040950511
419;45236.80631805037
421;80647.82128395709
422;216464.149343519
423;138209.17034099123
424;43205.21385194186
425;142684.21606186245
426;45038.05148055057
428;117065.72883252124
429;113656.08032463695
430;50402.56792975669
431;68872.13301261904
432;114766.09080195166
433;223764.59468651543
434;99236.52550363337
435;113549.60766208971
436;87843.41819722015
437;124816.31133677975
438;66082.28781938663
439;237682.66902513176
440;221299.5178498604
441;124470.36577647521
442;201166.54601098728
443;125614.17624295864
444;96657.04504018942
445;52087.027754939976
446;36813.559265785734
447;91870.92417055772
449;175087.20675160197
451;110788.36980276713
453;52772.02222605801
454;119050.63576927285
455;75831.50965790257
456;126555.00795910734
457;32203.25966029036
458;203985.66340861228
459;82523.44009781924
460;107919.63927927717
462;187085.82069673925
463;72662.50049117267
464;119445.78225103095
465;161935.1854948439
466;68655.4714183517
467;138929.77471152743
468;121627.84697384598
469;143269.76062960955
470;80228.39149230089
471;260238.94107042998
472;42728.631422434824
473;197516.3195665986
474;35810.641251083776
475;78020.12614264399
478;89009.13320151453
479;87803.6223313687
481;53419.98501537037
482;176878.69670232385
483;75906.20515858642
484;26472.65365518522
485;75110.33244285091
487;45080.15464332846
488;195837.0497672065
489;67428.91559214891
490;71680.20062812223
491;80099.0752630109
492;127515.12394910752
493;115050.94791591744
494;98731.45624911432
495;62533.84324813722
496;98001.43430592753
497;64610.342322559794
498;114297.1438771108
499;108430.82692059122
500;190040.67826331363
502;117869.68597539452
503;137923.91239735574
504;72464.25940739257
505;138731.07632498263
506;92836.36317327355
507;37341.08642667267
508;178914.20831598158
509;296950.5035596746
510;224762.7246524845
511;202283.67492808544
512;71275.0746818919
513;46739.954706932505
515;77682.98648087232
516;181114.16212995068
517;204955.30729418303
518;47474.59794904316
519;198009.7012639263
521;189153.72769397087
523;79672.72573638604
524;99794.7588942396
525;51373.87734027919
527;231449.71467325246
528;49382.64980343123
529;134347.23143844004
530;191581.2091026504
531;44026.174979279225
532;252240.99632854643
533;68460.30775557853
534;65693.9097507652
535;64414.735970762675
536;271478.4876266259
537;110022.5242937857
538;288161.5910081539
539;243944.1833207916
541;101769.24659481755
542;138237.1601406356
544;61596.05495198627
546;53488.080634093516
547;44814.79215128156
548;116151.0347826146
549;140388.2173196034
550;123476.53598919809
551;77666.7509501361
552;52540.003654122236
553;84439.89743926971
554;140723.47008006953
555;137209.01254151308
557;115173.12552665058
558;77390.06366767414
559;46304.35304967855
562;113287.49379860424
563;242194.46137051165
564;71737.97632525853
565;127524.59111521846
567;296941.723079694
568;102608.9672526049
569;181800.26448321715
570;50784.39147657026
571;142750.39266851172
573;96928.1700054708
574;69159.08144770048
576;176360.83299785774
577;85464.79836932321
578;425588.3408147588
579;52493.327298487246
580;142320.43950625692
581;77681.3294075598
582;473137.886529913
583;124842.95458283254
584;36680.89764666868
585;33538.8728933756
586;116888.99036584557
587;91083.1637505046
589;100907.25356366982
590;98272.59503776515
591;176386.93127503255
593;68626.53540517387
594;38470.29454465275
595;128240.66527680431
597;175438.95589463296
598;185216.688220699
599;33525.08926523079
600;90313.73962667481
602;252786.4487968822
604;23805.385514312537
605;81419.69225493891
606;192937.94099643457
607;67407.53471528378
608;205706.15554611327
609;111437.153765445
611;263913.7609880928
612;92267.50595137522
613;76343.85030264348
614;32229.767332887004
615;194504.01767890994
616;97196.50116575036
617;45480.214059174024
619;141867.55621096044
621;171745.792756276
622;235797.76107427178
623;42661.34853948901
624;99245.18708016614
625;224776.86979808426
626;40184.19159689433
627;69184.47307987417
628;234587.43440363975
629;223201.44718087907
630;90481.11826870096
631;138833.90478864204
632;127455.85786447693
633;37370.48478378021
634;65542.27307125757
635;48320.28132322567
638;76551.58590121083
639;182951.0840054911
640;191021.61117096632
642;89681.68690109249
643;67267.38031926671
644;113536.36798695127
647;194555.81354016694
648;82912.28401909365
649;78329.69037096525
650;134868.2213498341
651;162246.69951861943
654;111136.52551843307
655;147500.92699705742
656;376718.7194651453
657;102805.03392199827
658;86667.99473380802
659;48771.17289015433
660;34889.864349616924
661;68871.19557000812
662;115314.61559346017
663;109749.89373699704
664;135341.2480134432
665;28358.205659717507
666;46238.457773533766
667;49165.0820370247
668;74896.93233360062
669;175798.17621395504
670;71899.14093371014
671;99465.94285189878
672;45429.01742006032
673;48198.894628658054
674;64838.16798800062
675;48837.84634171167
676;76814.06301309842
677;64911.028973794404
679;95110.0004685869
681;64797.42103197862
682;64633.693391794026
684;74851.05149752535
686;23333.685905621536
687;176676.39194242432
688;51106.64725559821
689;134169.42004739997
690;78702.85761549829
691;69508.9128805421
692;39089.581889750225
693;481408.31951227906
694;39640.8909039042
695;78597.51552875015
696;27991.75849302366
697;160430.4148529667
698;55165.62614528369
699;189953.2662081899
700;274433.3276982756
701;113631.71988785354
702;102921.34457914384
703;173245.86013846082
704;184060.01068786878
705;38175.36601030312
706;49350.6511423698
707;111864.05784086771
708;77767.91074603901
709;87953.8717892375
710;82329.19191952793
711;33020.087943418934
712;167141.6952252591
713;135802.7871215487
714;94158.02177282736
716;178292.4229227132
717;66700.74912062103
718;36063.23397894011
719;141883.389333594
720;249832.97497771532
721;104586.87190492563
722;123059.68358880519
723;126025.66138957818
724;204549.78093394035
725;79740.57842128098
726;76852.00923158637
727;104158.87819040364
728;357017.35841350275
729;87687.29740809905
731;253979.66189914205
732;64989.749080343805
734;80831.20840168458
735;51647.876229084715
736;55500.34668824516
737;52183.31622408979
738;119323.75045175017
739;79580.7066090875
740;46540.777317894775
741;38957.50366287138
742;123116.8942819339
743;101242.2224760749
744;77185.07050537468
745;47314.14079134911
746;36399.699433052396
747;49807.965186883
748;45918.52408612991
749;347085.4950377631
751;18515.41294910973
752;32068.756299702913
753;27560.66382610741
754;47340.40528436345
755;31795.07776792438
757;87018.4012364134
759;218765.52588342017
760;235015.36557832957
761;31490.55498085835
762;30448.900798727886
763;187754.37077472257
764;143857.57293752173
765;117614.25271358628
766;59328.27918696254
767;178091.2129528141
768;80092.62103101048
769;35998.992113825574
770;124728.85467153676
772;25725.60234148271
773;169883.34623916468
774;44996.44365706518
775;50265.70280741146
776;72256.6789298255
778;44484.61105227577
779;25539.620737335787
780;47685.30441725638
781;38551.47995650981
782;47418.49079738936
783;367668.6840413011
784;63943.638706754
785;47389.27949695834
786;79082.58307140788
787;130038.53450867692
788;44607.499870121224
789;50567.8530775398
790;220201.07293352752
792;33663.80818631509
793;45085.166925377096
794;62454.53069656256
795;37099.95812510267
796;96859.67909558494
797;50626.26601992125
798;40990.447270076875
799;378908.7353992563
800;181850.70921657246
801;71286.17558949586
802;223343.35182316156
803;134213.5592614323
804;33873.68369238177
805;89691.23944180063
806;63722.29810467144
807;147140.9051904725
808;48471.9487646232
809;153629.29525861915
810;68034.11076404406
811;42515.63085486846
814;37144.63552111937
815;41654.25883694353
816;30028.180872212837
817;47078.457071477
818;85351.56873917421
819;37498.89103906762
821;72774.66145317566
822;50847.41088774079
823;80636.89597692183
824;80666.0903623376
825;89471.40183594271
826;172091.4274132921
827;33219.654587564546
828;47890.95056500428
829;100023.59518271137
830;121075.18643503478
831;49995.62875129379
832;35757.33025539674
833;39209.10178660498
834;65430.1171083198
835;108445.75634378666
836;76663.11125292348
837;89189.02886397678
838;46349.08521347179
839;64959.07746391104
840;46419.01592278903
842;38182.74105278867
843;116971.83081698402
844;179518.86081309442
845;91462.95127654092
846;67114.13281121342
847;70443.8585166647
848;227292.3455357082
849;85420.99708443978
850;32860.80317905955
851;73340.98354607608
852;239586.5463695462
853;30832.514668064538
854;52362.989197663795
855;88668.17873221135
856;60678.66557295615
858;31617.69915702814
859;65640.16948696312
860;49168.433483025736
862;123783.08364841469
863;70328.24816937148
864;29948.18169391468
865;66169.62979840202
869;184318.32755476446
870;66393.32536602847
871;45165.75690813316
872;71994.04396780716
873;95945.6352155537
874;63205.19514895484
877;48866.602967858
878;24532.929765977988
879;97194.8747474721
880;117087.06033746054
881;37321.835742675874
882;41523.578441552054
883;85815.63866496646
884;51297.80241694932
886;178976.21408766208
887;48107.340921946314
888;67281.32105224683
889;48311.398474570364
890;32855.987943987704
891;79249.72556357445
892;124829.474118219
893;346530.303922727
894;36904.41909895423
895;132775.629173054
896;334390.53400406876
897;121856.91779238655
898;62909.15471644953
899;88692.05414932851
900;88894.28708496866
901;42832.08358509144
902;126565.9366942908
904;180880.85784486448
905;28249.489572412265
906;86060.9270575674
908;99225.0327292963
909;78078.5845252193
910;64756.07598302156
911;51560.803784823096
912;130765.43835597223
913;45536.6583631762
915;188733.49673348665
916;47665.42704344498
917;203896.7754188721
918;65458.89669137407
919;92265.66520085884
920;101859.9817075858
921;65617.03311124831
922;64870.408495333395
923;81680.01442446356
924;46197.51389871511
925;77860.01112975198
926;81297.77637201022
927;158929.19418062764
928;97082.53170653566
930;117306.52811397174
931;170636.32459795507
932;48202.56342333092
933;35518.2884638466
934;110017.54086032521
935;54531.8313907948
937;177078.53222839034
939;345687.6868988774
940;101000.3104262631
941;106682.54240621101
942;144153.7866277149
943;33384.094400582115
945;31351.727804046168
946;27827.37909531767
947;255796.137875917
948;70094.86493716585
949;27392.11308777788
951;48080.34503740806
954;140831.0891171608
955;53808.090373291925
956;136183.46091748535
957;104083.98701689405
958;49600.26575001105
959;107155.86868242097
960;46500.17574753028
961;65770.36498847633
962;138016.58179924986
963;135352.35197940213
964;43485.693291528114
965;25096.236077274127
966;227920.6059911618
968;222754.81785333995
969;39946.280696608286
970;137390.32745943713
971;64659.67296729073
972;132751.87906618
973;178295.69639238948
976;65859.26259824232
977;155728.93055375703
978;49365.918622774676
979;91833.41292265886
980;96074.146852286
981;28789.738150414414
982;105728.99944272579
983;39012.64511192642
984;126130.60187630892
985;30432.32701024153
986;47981.17823582748
987;46916.979552704026
988;28323.709305927678
989;69513.60268419028
990;87865.73745463975
991;63740.12906475799
992;32320.770681038153
993;37069.07502194287
994;277785.92248774366
995;164073.54710179058
996;88817.84737944599
997;41099.02790188313
998;23559.466624315784
999;93790.39980497009
1000;142002.39071231917
1001;240287.15713662267
1002;46515.77217827128
1003;89290.8336842538
1004;36562.49825685421
1005;196662.00582866347
1006;41585.31649669937
1009;28925.294828938586
1010;257891.06854206455
1011;189500.2400183305
1012;65269.43929115288
1014;40216.60076466873
1015;144048.35715532428
1016;113201.27038086132
1017;236608.87174466788
1018;72120.59840411563
1019;80343.23147896114
1020;212452.49708943395
1021;40700.16437248437
1022;145599.5041871987
1023;52616.946976850515
1024;95064.29914801351
1026;70962.04308738223
1028;45744.78031800115
1029;105280.89582905103
1030;32008.956248332925
1031;33521.27683008125
1032;50520.75135591892
1033;237766.7811802389
1035;73704.06966226725
1037;52314.43637886524
1038;36154.02196655116
1040;126275.57195247883
1041;93583.77002585404
1042;29220.032459926664
1043;41143.77046881541
1044;77430.35271373909
1045;39040.20889329371
1046;147213.8737828531
1047;35220.68471077519
1048;204598.01529820744
1049;183003.04098446
1050;30916.471333702502
1051;35458.2089608297
1052;44538.399650107196
1053;26024.268010496395
1054;49458.081597485165
1055;87486.67673090678
1056;29050.9563989259
1057;49996.51846600929
1058;61984.2967304424
1060;77252.53735145536
1061;115861.25353287587
1062;139450.6004718791
1063;112934.03783314938
1064;178863.9620842289
1066;364045.4988986524
1067;117176.29148713742
1068;210881.9609234756
1070;48319.75527757907
1071;47077.05574022236
1072;223451.94541047225
1074;65318.63202790441
1075;76577.30151708114
1076;98427.74296143408
1077;64797.34575740752
1078;96958.17151179996
1079;139714.96340471975
1080;104227.34034150095
1081;193618.1005045123
1083;41932.444356854925
1084;88273.15179563356
1085;87286.01042613646
1086;56806.59256587192
1087;203533.39050934836
1088;65758.45371655456
1090;46815.22801552935
1091;321003.18857411615
1092;33224.01567912471
1095;145335.0722883466
1096;37673.07720169357
1097;69139.32042965737
1098;170991.0360249217
1100;29402.924902431987
1101;30634.457255868012
1102;50878.69598993497
1103;356849.4444705276
1104;50975.602442523035
1105;44478.45009677992
1107;91546.07621498557
1108;39534.7920232656
1110;69618.18924657755
1111;73492.99047860809
1112;132618.94148647136
1113;34617.80984348307
1115;169173.00958641683
1116;40330.27599023674
1117;69157.57433021172
1118;135191.35583789216
1119;181103.25083107242
1120;48674.127184387704
1121;210218.93346158555
1122;40698.84380225863
1123;74101.73994734291
1125;97155.53658801095
1127;194476.0595406606
1128;174700.7854244793
1129;161178.15417094855
1130;82874.91753521167
1131;51130.14533136991
1132;211665.6050935916
1133;115962.90338969401
1134;140027.54628558402
1135;189894.5678095394
1136;48174.70004399101
1137;152544.31080868674
1138;93159.30467577603
1139;68981.54181133378
1140;78996.20364152516
1141;45245.3782294177
1142;174601.24390455
1143;68429.5020907885
1144;69946.05629978502
1146;30427.913631615753
1147;37080.85738958128
1149;41843.97164690796
1150;33261.16001311725
1152;83142.84131760268
1154;41929.97476804288
1155;47783.51685130433
1157;85016.56031957384
1158;74425.74275855742
1159;25400.903711744933
1160;39451.25471626583
1161;78371.61661040068
1162;75670.98593588821
1163;176174.11806505919
1165;140216.98225983014
1166;189902.43667362948
1167;35093.08604552691
1168;43493.52040052774
1169;138748.66345944555
1170;93008.1984015851
1171;170814.7142835175
1172;115843.90175895365
1174;491156.7152250229
1176;48306.02267907488
1177;196098.8047583292
1178;41117.36241992193
1179;66843.83745678635
1181;88787.06140971574
1182;337709.74875235144
1183;123486.22719455445
1184;68198.35289380151
1185;89648.10641523016
1187;34097.6031233295
1188;40928.46472235011
1189;78099.99402695704
1190;169240.79127226459
1191;156146.65470618327
1192;39911.76628874406
1193;64730.50411681823
1194;33668.00492172377
1195;69673.72942781902
1197;64820.24370712658
1198;54212.52506516187
1200;50091.620558246876
1201;111013.77569432191
1202;110004.55600384394
1203;286844.50280335546
1204;264700.2307031492
1205;49614.381646249596
1206;65784.6092677572
1207;122041.65552672406
1209;92530.1705071638
1210;57494.583177097644
1211;153103.9481063739
1212;128860.84514217223
1214;88995.56926723973
1215;108761.11400629877
1216;116085.12843758882
1217;31989.84489586917
1218;173188.56578583302
1219;79292.32660995125
1220;51968.10333980009
1221;42747.4768159497
1222;69445.14573970587
1223;80156.861947264
1224;135968.49100378263
1225;47509.84255150516
1227;289421.2037013038
1228;112272.40035448344
1229;79474.22765235808
1230;210179.22165151048
1231;44594.147683813026
1232;143041.30771993377
1233;139531.71831147934
1235;183439.2513526048
1236;253321.60259691798
1237;211359.74498679442
1238;96853.82885322116
1239;104879.72695497051
1240;85166.24724119208
1241;81016.57713506937
1242;127981.87723177059
1243;85702.77044910821
1244;36976.76326465239
1245;39899.523938224236
1248;97365.92172428196
1249;111762.08260281279
1250;84584.65657202042
1251;66088.0734365672
1252;65410.543251635485
1253;52168.477803924936
1255;495672.85748146445
1256;181879.51936626818
1257;72453.96356674063
1258;37734.48723278146
1259;81098.54672072532
1260;125586.28337823652
1261;44037.9000677207
1262;29165.152091707798
1263;107594.0659478875
1264;118679.58994993537
1265;367551.0422598379
1266;347144.4608838488
1268;129725.38770186919
1269;495907.2399022754
1270;97858.50457749637
1271;84145.73290124774
1272;63656.38158010901
1273;43100.10691832846
1275;132651.51630185358
1276;40828.448120293535
1277;30696.67073313075
1278;64183.92847019141
1280;67042.97161587638
1281;144494.66495814524
1282;49610.258377948
1284;100772.74231673998
1285;37111.25830207682
1286;138282.68156021135
1288;34485.806604214136
1289;36682.54678201311
1290;78332.86642175987
1291;102689.26263146411
1293;65152.17123152534
1294;116517.26198110501
1295;71002.51786844626
1296;102772.89315914008
1297;38844.921994191085
1299;99877.3170204154
1300;36667.43322776503
1301;43253.05034457164
1302;43803.56736083358
1303;71743.51911687457
1304;61254.640686570696
1305;49394.077374081615
1306;99643.80417656193
1307;33629.16082737322
1309;81261.72155102852
1310;72858.8962990982
1311;90234.5291795307
1312;65912.05239490357
1313;90945.59243231633
1315;202364.64814789846
1316;120856.74363153298
1318;143316.79358993532
1319;109432.23781841435
1320;123173.52555383298
1323;68466.16815470504
1324;340570.5541900478
1325;64733.87444033032
1326;231252.46539231483
1327;77664.45273179766
1328;29275.34413126897
1329;90012.47104477459
1330;119613.8549603761
1331;37449.84193631448
1332;46136.32070311224
1333;49278.56122897493
1336;49041.74737439846
1337;131738.59036160237
1338;30394.65229073258
1339;99648.63235957666
1340;51175.15526507946
1341;208213.55035688033
1342;137575.85124977582
1343;95611.28590443084
1344;119680.0053708483
1345;47694.694380609435
1346;115338.20199457828
1347;53522.911069994094
1348;31130.101362544578
1349;178653.30354786603
1350;29649.920397272745
1351;180440.28850975182
1352;73020.04660949435
1353;65033.40748308238
1354;213927.00867623175
1355;50126.25310246768
1356;189696.92098164768
1357;73391.74404962323
1358;85659.1366998351
1362;95334.03688468931
1363;87315.86286820447
1364;77665.70164805974
1365;50161.26691104996
1366;136136.449808042
1367;182947.49120877995
1368;141948.94144707333
1369;91433.36090350628
1370;30308.11868115998
1371;68419.91198882839
1372;118117.45053165975
1373;38942.29272629499
1375;97170.04259319052
1376;132597.99556079166
1377;69444.3418783878
1378;37408.54066025436
1379;50500.988809805574
1380;95207.21585209027
1381;121156.8752671428
1383;46924.62915583796
1386;223582.0841593876
1387;53726.61737782669
1388;127719.04472570687
1389;286164.75269091787
1391;217180.99803352798
1392;209279.90098295268
1393;97707.77159929303
1394;198101.87442689427
1395;109936.09761328797
1397;204888.15556519444
1399;38941.28567797128
1400;80226.5623543794
1401;121771.87376346695
1402;90812.15764860866
1404;129484.51624099551
1405;127329.6891467399
1406;236423.82937709824
1407;65505.99459605635
1408;46648.68126790922
1409;27753.72646583283
1410;35697.37835505238
1411;39350.408190684255
1412;40783.642331244846
1413;46411.901391352876
1414;64002.241753592134
1416;95665.15520907643
1417;138753.81984839044
1420;40804.46479233543
1423;44675.95712079327
1424;54725.08081264776
1425;259450.64871933614
1426;66446.70953044662
1427;111296.09636818808
1428;223306.04408390427
1429;99943.35250953604
1430;96860.75557536917
1431;70352.34479846455
1432;208856.6063176927
1433;259146.7420586037
1434;95525.47761180565
1435;94848.21806121284
1436;42423.06692234696
1437;207942.4665343334
1438;73562.6580256439
1439;246146.91378152595
1440;279728.05416455003
1441;165989.60756275768
1442;206053.281841421
1443;294388.96689408016
1444;119514.46884231076
1445;43807.095894862665
1446;82746.07869282509
1449;169712.5406759144
1450;101477.0882799066
1451;96313.55793852812
1453;65554.63898055127
1454;37840.568605176595
1455;78728.60849674972
1456;97050.03025778377
1457;100396.76672819059
1458;124198.87083615597
1459;103660.44070526912
1463;29892.134602543567
1464;197299.61605461003
1465;112764.38599801135
1466;158389.06888251982
1467;74701.06224670036
1468;107748.41049049633
1469;65611.09360018924
1470;83338.16141316107
1471;32134.371282064385
1472;85262.02001291186
1473;143340.0574868196
1474;54088.74037705585
1475;231114.48869987996
1476;104894.54363761109
1477;101419.40501232941
1478;64518.360027275434
1479;49237.36464545043
1480;75982.9043134623
1481;124374.87349125317
1482;92485.61756657914
1483;123126.11287817084
1484;95697.97501140197
1486;102331.18006581355
1487;81219.95685573846
1488;223554.20809126794
1489;39343.58537902493
1490;52621.24462163599
1491;36730.567368920274
1492;117636.35273949364
1493;107041.50166469009
1494;40065.49382881726
1495;117405.13853394188
1496;185584.878728874
1497;42533.34299691465
1498;72751.92642219043
1501;42269.68797291925
1504;188430.47653022813
1505;151682.81170280415
1506;82153.26294926762
1508;60600.33118760057
1509;68670.26655988245
1511;110284.43345166142
1512;123834.9055500832
1513;119628.66720297227
1514;31802.633517944818
1515;93605.1598584915
1516;127472.85542014973
1517;75978.5950676439
1519;102637.20659023222
1520;81093.79342196103
1521;198207.93271159133
1522;42086.35387170314
1525;42671.9179407117
1526;31030.21089875663
1528;172012.92155807567
1529;39062.62948167795
1530;40026.825598540796
1532;78931.95781245474
1533;84185.74384881796
1534;92243.61834190448
1535;27812.503746238075
1536;101869.05862077228
1537;74746.07844336667
1538;77389.21345233991
1539;135208.64762474716
1540;121242.73617554468
1541;51566.717924584904
1542;49767.186452434886
1543;87902.21452067903
1544;69392.7843567586
1545;46890.054899512594
1546;66196.735083711
1547;34403.632039407115
1548;137511.1760506908
1549;96012.09149613092
1550;35407.40718817139
1552;47603.19932929374
1553;133286.75784290626
1554;36851.01545728491
1555;69932.7598781642
1556;126714.5637516174
1557;36095.53645176283
1558;89506.29866677255
1559;74365.31579011052
1560;96633.88123766008
1561;107048.97975775278
1562;124870.6912296187
1564;28310.041164708426
1565;35564.949055313285
1566;170365.6059204112
1567;27174.345600647055
1571;121131.52503297782
1572;102476.20237483298
1573;49112.142937744655
1575;63744.76133733033
1576;77546.93554937765
1577;36294.63160206677
1578;141758.21200821517
1579;132626.83601820774
1581;33635.78712226219
1582;50525.69493082239
1583;51287.767828648495
1584;90402.4683584122
1585;49707.65498610111
1586;263990.3456489526
1587;101030.92217823991
1588;63093.08229915554
1589;41999.40388220387
1590;84642.29311141298
1591;34658.25550605498
1592;67286.12486332058
1593;84746.7264242466
1594;51227.3384590974
1596;174698.3198053587
1597;68863.25469798822
1599;86318.2964640449
1600;78704.95868467963
1601;157011.99766282798
1603;170835.14858282884
1604;100777.6363393581
1606;71380.14756354144
1607;34587.0579270927
1608;100661.57624509664
1609;136390.6051806373
1610;181398.2095722057
1611;87803.15379957209
1612;44225.8816626418
1614;110383.499543436
1615;86833.4276217498
1616;147792.52885865545
1617;86536.02280047357
1618;341716.65908159554
1619;31430.485391475584
1620;17915.06385023678
1621;44607.477407242266
1622;36478.97574530528
1625;253646.58500867945
1627;120452.69931495166
1628;51741.55704041532
1629;76527.61005098268
1630;96088.96028574767
1631;73993.03307962317
1633;42991.38311533364
1634;46181.749435225414
1635;43858.44041661239
1636;51704.67487030331
1637;87041.71897194318
1638;79593.76980526252
1639;85096.4515792411
1640;145202.1136799043
1641;402916.3963206998
1642;48511.20969952674
1643;52823.645518521334
1644;63252.318759825204
1645;124575.9994271219
1646;91316.43458015397
1647;68265.66559177262
1648;117475.31834799063
1649;72628.03879160776
1650;131644.91060552935
1651;78118.33138800417
1652;44575.048045052936
1653;75371.96245732513
1654;57594.99829737591
1655;107538.04090971942
1656;47396.788953502684
1657;87672.35782924126
1658;228670.32860287963
1659;137496.90974849407
1660;79037.80675168964
1661;173500.0875074361
1662;316741.7923824306
1663;64916.73141295998
1664;237530.486738445
1665;340534.1991033381
1666;112427.03750865709
1668;86433.87229697626
1670;26283.862786296275
1671;79328.4413753668
1672;40273.889768971865
1673;99175.39008401571
1675;127037.17972325526
1676;109226.04043482017
1677;89558.23104602408
1678;108871.65937883574
1679;49204.34473025405
1680;93260.19146072153
1681;334895.7448701637
1682;38079.71948394432
1683;139194.08483223262
1684;40743.853977569415
1687;26356.108441415952
1688;48779.27674883117
1689;75698.24606256711
1690;209133.99259363217
1691;38368.4181535672
1692;54527.77616889882
1693;50697.34225543892
1694;47359.11896845218
1695;88483.69354505203
1697;65606.8467765879
1698;97231.48199226153
1699;100381.61167083781
1700;33740.34438687237
1701;89295.45684502413
1702;67460.83142730476
1703;50539.749007069906
1704;48643.26789088687
1705;71288.33097365174
1706;216700.51781538283
1707;46118.96664566975
1709;39770.66427471533
1710;51828.74626044679
1711;35675.92587504899
1712;35417.93467174931
1713;40327.93696276767
1714;43091.218784320445
1715;66145.93683662477
1716;288784.5883484749
1717;92139.34511394212
1718;29075.36244557048
1719;30868.035548942353
1720;75856.38705443066
1721;106191.71771211438
1722;106194.68578065596
1723;146255.71869808176
1725;40403.86792116343
1726;38361.99439321432
1727;28779.159740952466
1728;38955.01167949848
1729;37498.70426355819
1730;48736.17899675419
1731;34554.69191804017
1733;47891.38352206399
1735;36766.487831647784
1736;50594.73279783999
1737;142091.52125552713
1738;48373.13011222556
1739;164848.0980798636
1740;65347.82703726217
1741;180405.84128487145
1742;145225.18038471395
1744;73390.62011451226
1745;88795.1163212385
1746;102961.44450672506
1747;50713.24237179176
1748;79133.38629648228
1749;127802.22040320514
1750;38134.28801865562
1751;95096.91656583507
1753;224258.61048966474
1755;27724.576208911105
1756;47438.03699630673
1758;51393.82626715165
1759;36376.801513391794
1761;289190.59860497207
1762;124480.19497722137
1763;113395.89925374008
1764;85544.42241626098
1765;67343.54531572264
1766;72490.32319360536
1767;32259.869706329206
1769;118326.44942560887
1770;79900.05079921351
1771;50421.78018756222
1772;28628.30570409475
1773;117615.11891837137
1775;46848.50504943357
1776;93342.72932117285
1777;30507.68640235186
1778;27410.292731290174
1779;66041.54232015206
1780;32171.222443584044
1781;15011.352402325952
1782;31991.86558123457
1783;69948.4389509838
1784;36983.15286792245
1785;34381.40291370292
1786;35904.70489356365
1790;68981.28242181921
1791;29848.904820304564
1792;53946.2253132544
1793;63094.71727881389
1796;49823.10057625763
1797;53386.48186075789
1798;51574.691699085495
1800;142019.4326392061
1801;194735.04853256783
1802;75759.14700524742
1803;69753.02681846051
1804;44568.41002703505
1805;35382.37143637178
1806;57854.60134325189
1807;52357.67887007472
1810;44252.957721673156
1812;61424.43544309105
1813;116011.02318791667
1814;209184.177129649
1815;101415.04610257629
1816;212673.2130743192
1817;51302.087500487076
1818;115043.13892261656
1820;57075.057578722095
1821;50533.72076523615
1822;87143.49746020272
1823;49986.97588790129
1825;406866.28969016066
1826;125245.30192643499
1827;31433.828816665464
1828;48689.169762581085
1829;41120.35191616792
1830;30335.70195407937
1831;42869.30526823443
1832;89942.01600223217
1833;35603.806009604756
1834;47320.48295090398
1836;148247.35417727704
1837;99712.60427624297
1838;90402.00256651256
1839;31454.176908322537
1840;36945.53352721225
1841;52387.3869081573
1844;44816.03039736029
1845;100509.48816714196
1846;208358.67356999803
1847;112810.57992940675
1848;38158.58292720028
1849;213806.83096993808
1850;29069.961922430157
1852;36304.5756359595
1854;74452.08487260771
1855;49396.609588859545
1856;345380.0099643656
1857;319809.13450193056
1859;46942.924974896094
1860;78154.39394494057
1864;28086.18518877582
1865;40057.337721627475
1866;95996.86137059856
1867;171958.45125139013
1868;90220.01374342041
1870;97821.41400156234
1871;42855.032873873926
1873;404146.11789180664
1875;35541.62889031081
1876;70374.09053785668
1877;137665.2631282597
1878;27684.964605274276
1879;112451.54224025171
1880;85435.63204355071
1881;63300.12559030249
1883;76880.36138558818
1884;35452.41880776073
1886;88365.36170763844
1887;120046.84308204551
1888;71310.34641725862
1889;51088.05930266443
1891;66653.00444360585
1892;36629.77291465706
1893;16683.427866312868
1894;67467.79138624856
1895;45701.07918575305
1897;128181.43651176889
1898;139152.26962990998
1900;66892.55096684671
1902;26253.461031458934
1903;65958.86772906197
1904;46400.49833641879
1905;38516.31428549064
1906;38012.66610996901
1907;80494.4341697924
1908;52484.20479076571
1909;65339.699390884365
1910;130655.10545360112
1911;55951.203513839144
1912;32161.66367662846
1913;35921.78387233122
1914;97704.55339851952
1915;78343.8910995776
1916;203539.47592100967
1917;40085.929300972944
1920;47130.419070092736
1921;67740.70729920287
1922;232496.51508771416
1923;42154.83099906433
1924;30067.49931284161
1925;29476.208323386858
1926;26639.606320285002
1928;45646.92777670266
1929;39460.24683507379
1931;37650.219343429686
1932;50740.770807307075
1934;32112.72887565251
1935;192392.29827201614
1936;28224.510836156114
1937;128869.29067791624
1938;32259.854580555355
1939;40937.16502708261
1940;126520.21133416246
1941;50804.65903160077
1942;65603.97744572835
1943;42381.246330667396
1945;72892.117663058
1946;40869.72306842344
1947;21184.494836549144
1948;32934.66101172111
1950;24580.556122295562
1951;75692.13024199514
1952;186178.52808957585
1953;41720.139401953005
1954;97098.59720477251
1955;77198.00012310674
1956;68467.8077332349
1957;98268.8933653974
1958;138600.39027209373
1959;24390.94887797287
1960;68483.06379185957
1961;23425.82527864345
1962;107681.03509978864
1963;37181.08201145413
1964;49377.55231841974
1965;79351.60299833745
1966;204118.61387532274
1967;92736.39870052926
1968;35160.17823821743
1969;35350.82020710456
1970;76335.44987666831
1971;84382.34439968335
1972;49250.4855399157
1973;30073.877058258007
1974;41032.5359514903
1975;135645.7252573501
1976;80467.79177735043
1977;67404.74224074605
1978;110399.90541322622
1979;99253.84057869708
1980;76203.97579395965
1981;44000.182896442704
1983;37659.61531819378
1985;49982.825239938684
1987;97101.97506974296
1988;44794.143999263084
1989;66252.32419290084
1991;43839.24103563149
1993;31916.680386996206
1994;50951.94802270269
1995;55816.78407131418
1996;101143.49105153198
1997;44615.941266437876
1998;68196.03883449141
1999;37406.32588187939
2000;127610.04672264909
2001;355604.0147145262
2002;53292.79170710345
2003;81676.69027137503
2004;68967.4284336361
2005;38668.873288213246
2006;228294.67533789136
2007;113920.01973247984
2008;68437.27970665955
2010;93855.06958338765
2011;68792.8197614482
2012;186471.3935776557
2013;47153.965024790356
2014;45335.84027246357
2016;71802.78060258993
2017;33497.98313956145
2019;48821.37452291109
2021;326142.81106747483
2022;347805.36125857534
2023;113564.8052623695
2024;75812.67860246991
2025;48271.38557366575
2026;127231.70273291734
2027;96815.38384083542
2029;51755.97366837746
2030;41574.10274053719
2031;46486.68594927836
2032;36202.1112413957
2033;63852.27921149917
2034;107534.97897054344
2035;330357.61627161974
2036;101599.5219863321
2037;66668.87566591559
2038;27809.003663030162
2039;66633.21948377085
2041;51596.05551840875
2042;414546.2166987839
2043;39401.30858527867
2044;176442.6276295155
2045;101385.77175292105
2047;48624.77347074386
2048;270186.6643448993
2049;107660.93575475151
2051;86451.02921625123
2052;42882.641835962364
2053;36093.61165374007
2054;106622.36556036252
2055;47935.55180827868
2056;53338.38692255559
2057;82255.77341113536
2058;101775.5842451114
2059;65147.77887833943
2060;182910.04097837582
2061;36564.93906884512
2062;38246.93333692962
2063;35597.08959156604
2064;111913.51326897519
2065;30646.591654158532
2067;67204.07344069422
2069;40353.853363843016
2071;177903.1502314542
2073;38972.692678728265
2075;37087.730016377005
2076;36169.85797511119
2077;75133.98553653502
2078;27498.157322215044
2079;102541.77099714898
2080;38434.16925661035
2081;343298.13726526534
2082;26838.268364058098
2083;51767.48855006064
2084;67026.63883312719
2085;30182.664864122515
2086;178925.65712998016
2087;40681.010704977845
2088;37001.05630159668
2089;68635.70528830681
2090;86545.77867603725
2092;245432.03785080006
2093;117485.29686826066
2094;70250.92533046128
2095;40320.296475207266
2097;27465.769209275004
2098;26733.843443738893
2099;51454.776154576975
2100;28274.30421771244
2101;38611.66260946258
2102;36355.12250114117
2103;103300.92278527845
2104;78167.89152852607
2105;32745.792644298857
2106;39121.44094154147
2107;111018.1670351303
2108;126377.88908349384
2109;49254.55924496824
2110;30472.63801180392
2112;36268.8922677039
2113;44276.46624541975
2114;55152.25756861801
2115;27115.28110728858
2117;228962.0371996813
2118;50282.48093117143
2119;97937.59244006038
2122;48801.372045571545
2123;95884.73508489195
2124;132520.7755459364
2125;129980.92330135568
2126;106212.70241287518
2127;280679.45821404184
2129;71184.84686520118
2130;112026.8951388107
2131;46338.586620720016
2133;106997.54156099475
2134;82366.61436110262
2135;104029.25149970595
2137;22792.14791696791
2138;99070.00716714565
2140;95584.14709797942
2141;28955.505346792368
2142;109243.89069723715
2143;215829.82908499104
2144;86226.61116435229
2145;215036.93843774646
2146;192943.74597122008
2147;94788.38705395914
2148;153159.15275326464
2149;197638.7824421666
2150;97324.32928380805
2151;220669.45234934372
2154;67059.72101780206
2155;112756.66376522853
2156;347944.3084114066
2157;110568.9291846266
2158;90574.65043335198
2159;167976.2386708404
2160;122167.6427176008
2161;78686.88879873569
2162;296492.2799808289
2164;111050.82670327711
2167;511825.4892568994
2168;82028.10109750881
2169;169431.88516397364
2170;30178.87018488649
2172;96529.23547608312
2174;31288.101923645325
2175;37971.347239220355
2176;31870.328771881803
2178;168028.47410805945
2179;42183.399342562385
2180;64029.848064899736
2182;208519.16375263556
2183;347681.877750491
2184;506483.5424373041
2185;191876.74517991618
2186;222479.18988172905
2187;473900.53352048673
2188;222803.40529018338
2189;41994.462828164564
2190;37389.90474815606
2191;39554.868892208935
2192;25536.73795371925
2194;23013.038977206656
2196;193847.9751831304
2197;186064.79529756866
2198;86798.69902333053
2199;142607.71303159665
2200;93732.71565337933
2203;71685.98711735771
2204;43280.33615545076
2205;179947.0304914956
2206;263709.31596111873
2208;176104.1303801588
2209;93535.63501794427
2210;39721.935491590244
2211;71171.06703034481
2212;75213.57481311436
2213;279385.55966914765
2214;134428.16173735677
2215;267400.580968191
2216;234703.12317771217
2217;88002.50562949844
2218;93181.05649323748
2219;199604.91189066492
2220;87787.84676799481
2221;223269.87124304465
2222;89594.05628064684
2224;38469.59576285422
2225;84192.47521534501
2226;32147.467203258075
2227;88800.89481746155
2228;67956.14823313407
2229;229807.64489744566
2230;340608.1477529035
2231;45886.35986463347
2232;106703.16972715112
2233;31622.07890099948
2234;181541.89892427987
2235;66104.25336935952
2237;70151.87458670071
2238;34003.79769697246
2239;123904.12152381668
2242;119354.58938741723
2243;27928.683936428293
2244;40704.5278167429
2245;396720.9669191777
2246;339310.28283575916
2247;28672.90251880526
2248;115847.5182806584
2249;247107.492170222
2251;131889.50293839414
2252;51571.88701398688
2253;29104.345851813083
2254;198841.57797181644
2255;99613.66868193254
2256;53353.25880491958
2257;32182.674636185464
2258;50205.03652911154
2259;68885.675921752
2260;43626.94448218516
2261;50055.41948397605
2263;273384.7319190012
2264;88536.71425771892
2265;50525.256545215765
2266;86664.74688057305
2267;144244.1042831853
2268;475646.9865190517
2269;127840.59112892272
2270;108375.24669118156
2271;27997.738748533127
2272;51007.18992251743
2273;101426.87566851485
2274;105238.9071912392
2275;60833.99593357046
2276;29670.73130692569
2278;47980.80247052253
2279;51634.25387892002
2280;140681.96823192705
2281;106946.87776743865
2282;124736.0418648786
2285;30303.255923686895
2286;28048.24701562471
2287;20332.121973985777
2288;22932.963776891353
2289;164763.85976619044
2290;42041.4406281653
2291;42489.80848938393
2292;120913.3498599252
2293;97185.49038178699
2295;210554.70094939388
2297;54277.38869488088
2298;42605.523721748075
2299;65917.12920741348
2300;164496.42777654398
2301;208453.85970971893
2302;76251.01236168087
2303;65111.870223125115
2304;42091.47201641676
2305;30835.927873101948
2307;181732.47037759863
2308;33305.28660587702
2309;32966.594398064066
2310;70017.83038564918
2311;45931.63811033266
2312;49354.8070276664
2313;85317.77690622194
2314;33745.84637450163
2315;81389.06411916621
2316;46529.12305074193
2317;169508.42776988467
2318;25710.55543962082
2319;86315.85891635116
2320;38301.69495471538
2322;255805.73266251976
2323;49032.728815623756
2324;38928.58546772507
2325;169770.47515366453
2326;178888.8057473912
2327;251215.71287527573
2328;112459.0981413322
2329;47523.052302441916
2330;23275.355985346032
2331;67686.21097205732
2332;37944.290983036386
2333;113030.25777469389
2335;56489.348877793
2336;51108.52412047854
2338;38062.4168082704
2339;50202.53116846742
2340;117986.19684008688
2342;47130.27816436826
2343;57074.892066663924
2344;30714.65356112343
2345;74201.3892568003
2346;78630.4248525668
2348;30490.70041247042
2349;78856.35616685863
2350;70888.16341053082
2351;130628.85984496382
2352;51934.02450202229
2353;50221.07707097851
2354;38294.74116845917
2355;119584.20884503149
2356;115045.14121099886
2357;70297.0375238826
2358;83722.08642233488
2359;79057.39165913504
2360;47806.75361028715
2361;26066.808996168955
2362;35123.90781838877
2363;70952.77889369974
2364;114104.77808031872
2365;91186.11636763655
2366;38125.94356040992
2369;123101.13034961192
2370;92147.22494224377
2371;33195.33268523988
2372;43311.15617350005
2373;123593.27227121999
2374;123023.27005828432
2375;82235.69339112639
2377;49606.12653662945
2378;21655.333660253393
2381;120591.8208703441
2383;33822.943833531295
2384;74203.86215435814
2385;38360.63810309896
2387;102608.42271086639
2389;32335.628543719282
2391;179816.75991983875
2392;83659.27850583174
2393;37880.6588357043
2394;183599.03453629985
2395;31739.04600396114
2396;36525.89958036792
2397;48633.22160687304
2398;31522.029151454302
2399;50694.564185907075
2400;69545.05894274583
2401;42454.71426873176
2402;29135.266355916687
2404;37263.86547878117
2405;71126.3030247403
2406;29871.89255895773
2407;96301.65744610834
2408;30287.184171116107
2409;30947.195753979566
2411;24668.100007169578
2412;74673.97716053452
2413;206467.7191445222
2414;223581.64250916583
2415;28222.215006067785
2417;72216.21990638324
2418;170649.18418541603
2419;41453.30176993627
2421;46358.50692442383
2422;68036.79751532558
2424;85001.91159859269
2425;26919.527825957197
2427;89014.24848281399
2428;38305.24138512586
2429;36883.81631289119
2430;28904.952660414474
2431;47587.394070033166
2432;77585.77835275828
2433;94941.13386384858
2434;79119.66942485482
2435;97975.26116738399
2437;268759.5570498014
2438;277804.57957579306
2439;534260.835138419
2440;347085.2043485807
2441;46122.90864763758
2442;32251.48104641419
2443;26253.82240235215
2444;50524.9349198881
2445;47202.035886730264
2446;35944.078323611386
2447;43321.73872172675
2448;53566.76124420183
2449;51986.74761553627
2450;26245.87627083414
2453;30444.329031203957
2455;102418.15397977788
2456;99646.06288979897
2457;90899.72606827418
2458;178079.72318631908
2459;48876.72894336559
2460;28372.629001917663
2462;74056.09161846632
2465;144896.68742589033
2466;41013.73542174783
2467;36656.547533620345
2468;37842.3454480528
2470;49308.135832736945
2471;52335.3116919532
2472;51607.67904148324
2473;35251.31346816158
2474;27733.614852928906
2475;74662.49430680012
2476;137189.94839658547
2477;123793.11171971746
2478;28133.87785127408
2479;88138.76615449208
2480;37525.41639793413
2482;67472.60536473838
2483;30395.52979600667
2484;137704.44020012347
2485;192989.16598196383
2486;406462.3968171011
2489;79432.95222806493
2490;182342.21811274628
2491;162694.0679074896
2492;183770.59940835508
2493;226470.34702431087
2495;50839.33386391977
2496;223934.31236045947
2497;128479.97075869697
2498;97216.8029224112
2499;38797.3197039367
2500;224704.3465997984
2501;78551.28196903701
2502;77120.13512258774
2503;85286.25345261014
2505;77970.96333176857
2506;203851.69301040508
2507;114644.60729956848
2508;210554.90790227088
2509;222175.56658876548
2510;146760.5727692072
2511;77247.65277213468
2512;201280.30892651106
2514;41143.8789609555
2515;37064.87633157761
2516;50833.79492224605
2517;25835.70426160717
2518;145948.22202844775
2519;39211.955691922674
2520;40793.04115459893
2521;68951.74378277831
2522;74609.75424334577
2523;24926.585990547974
2524;40764.679605565696
2525;124118.88585290984
2526;39313.45132122783
2528;96579.8302119538
2529;84471.13850379552
2530;57712.81068926584
2531;45732.64393033227
2532;108557.06599984708
2533;40267.157050568894
2534;147740.24885123665
2536;86395.32460113069
2538;42653.36591092766
2539;93918.49191891367
2540;46525.448424034366
2541;64344.4007444976
2542;47136.154718319805
2544;88504.40960212056
2545;86976.23426052161
2546;38661.71633539481
2547;46867.750023517285
2548;84440.72931321165
2549;24446.913670687853
2551;53204.48949377484
2552;44613.30435994879
2553;43186.090258962264
2554;59546.902705381486
2555;92599.18354487368
2556;51045.47506380993
2557;64057.89326927188
2558;47956.15298718926
2559;130235.72246660029
2560;132465.3402865902
2561;36615.18125711018
2563;29258.510609344972
2565;56793.8831073127
2566;49561.75527753731
2567;91304.70841847143
2568;49823.737197725655
2569;251883.7682781509
2570;123370.05963181495
2571;53939.000974891555
2572;39681.710259142026
2573;50872.876948714045
2574;135074.38405097544
2575;63366.65742006566
2576;54007.56837736396
2577;134014.94235397934
2578;103797.53759348649
2581;177554.1679692218
2582;43280.56926349352
2583;30734.765548734886
2584;46848.28364927834
2586;41494.77859501635
2587;87831.62743853073
2588;34376.44094606228
2589;82161.4596834267
2590;100221.07146179728
2591;29399.18456646884
2592;262640.5766358767
2593;126226.48800355282
2595;44611.423333599705
2597;36823.560494567944
2598;40404.29061529168
2599;82946.98781490901
2600;29427.036567702802
2601;38401.74192078493
2602;49747.4055992997
2603;64509.598428642516
2605;29398.20585969908
2606;73197.95932269921
2607;67360.68828586886
2608;25324.683127371754
2609;43265.28311874753
2610;37711.42310785663
2611;130047.4330148417
2612;45624.56390537481
2614;120496.9451594178
2615;29244.882556844987
2616;95165.1962337807
2617;117000.01173917203
2618;101538.47396731487
2619;28499.697014000078
2620;31789.467693732822
2621;89143.10210573454
2622;47742.36093813113
2623;42633.014869480096
2624;28019.24396707746
2625;122232.7085785664
2626;103505.5845451725
2627;52586.600983841556
2628;38178.826572389204
2629;27670.647007808147
2630;179167.5170216225
2631;196485.95264178584
2632;208019.04106330746
2633;45803.33969578717
2634;71434.63578858353
2635;46725.784922036306
2636;80917.54068760952
2638;35433.784214277606
2639;53924.4067662543
2640;26875.34275523735
2641;70362.99850765523
2642;107008.84123714751
2643;31930.092259462483
2644;25765.536733113095
2645;115393.8382815586
2647;45552.09422527764
2648;52144.81590700888
2653;44746.609199168255
2654;362039.80324948597
2656;166029.79769536163
2657;35896.43625996551
2658;66665.55665254466
2659;83046.66476148434
2660;109210.20017522469
2661;33834.724784751226
2662;70592.88878742233
2663;36952.10828005915
2664;105829.46042220957
2666;36964.39206866567
2668;72500.02207370935
2669;28667.824063348424
2670;120144.8084085729
2671;70000.11381750392
2672;364096.4158305029
2674;119383.24045940576
2675;31825.79355607014
2676;29701.690636162315
2677;55764.1191811667
2678;242382.7874622876
2679;154429.2714323603
2680;120153.3307257314
2681;151792.8078111292
2682;131884.28792435714
2683;224185.78097949715
2684;355667.2812898093
2685;121340.7014828135
2686;66734.3562611254
2687;226437.0759051089
2690;49682.73663586488
2691;36369.55310515211
2692;183630.41370733592
2693;27841.057114320563
2694;28485.637795970866
2695;53112.597736226664
2696;44100.38678801506
2697;131957.6727347909
2698;94672.19263643275
2699;51454.08366736217
2701;97951.59255829641
2703;29713.74525618298
2706;54392.431681179594
2707;41166.12225482663
2709;51383.98046971461
2710;95239.06526308967
2711;200170.2472064906
2712;49149.45739367264
2713;31196.989119565944
2714;213316.6990048599
2715;75112.66434950197
2716;109166.89273307023
2717;139349.24859759372
2718;77529.09064828725
2719;36455.553017283564
2720;79729.11383187135
2721;260704.46300712973
2722;51164.5567216537
2723;63080.26917142074
2725;53976.61300321139
2726;70568.72663582714
2727;36718.78410933298
2728;35000.74223213661
2729;42221.4893975159
2731;70805.1607758164
2732;27202.32633160525
2734;37761.958887982306
2735;93304.64541491348
2736;187303.36469602445
2737;126943.99445348763
2738;28655.509847542915
2739;138016.9753095831
2740;113040.19630314938
2742;132110.1302316234
2743;100109.24269664886
2744;23588.380664810506
2747;78291.75800096037
2749;97397.34524948602
2750;79478.96661540908
2751;85643.60219912586
2753;43021.37779590027
2754;49838.11376987514
2756;27183.53332333128
2758;72199.9948618915
2759;46039.131727513995
2760;96037.82998596468
2762;64058.2391824406
2764;75172.93003588358
2765;38270.156446219924
2766;209132.9593586809
2767;31751.558252396364
2768;50918.2254102095
2769;71660.33485061095
2770;51185.60821611531
2771;82720.95169633185
2772;91813.48395270055
2773;39090.727795560015
2775;185687.0101892935
2776;123002.0479599933
2777;178094.0273328222
2778;101470.00483165245
2780;174762.56920069506
2781;200122.94627814865
2782;468579.2145392943
2783;171771.76937401763
2784;103677.18876994027
2785;240610.23146727073
2786;218579.50432800734
2787;30128.53913010111
2788;490831.58383516554
2789;153111.06948321874
2790;114045.49851190629
2791;115358.11252656982
2793;118313.01325606489
2794;104925.4024603023
2795;129856.38938837721
2796;67091.4783198925
2797;103073.20570015
2798;118643.7048947764
2799;269788.0050066923
2800;176766.29572426656
2802;39078.41633869001
2803;79924.81546748934
2804;52170.437482485635
2805;46487.78315433175
2806;76219.12940843678
2807;51921.45686854149
2808;275076.1357901213
2809;38612.83336651218
2810;52485.8834739799
2811;45181.500508686986
2812;25176.755401400664
2813;120315.88827714538
2814;116393.10663465649
2816;47654.02000781685
2817;27192.55717471217
2818;30675.951703569506
2819;149234.72216387183
2820;75514.5526613188
2821;36914.546908156066
2823;68237.14292596975
2824;48471.2382074398
2825;118617.13736878434
2826;88451.83827303881
2827;117773.3214584589
2829;52559.456246413465
2830;74010.24729387091
2831;99261.9277704043
2832;121285.16188051867
2833;27228.38770088574
2834;48769.3805384792
2835;118452.00347978983
2836;46617.56090973064
2837;37787.06300367346
2838;49696.59795529186
2839;122444.66409472974
2841;67871.05586231267
2842;90130.62376982563
2843;175050.55414845966
2844;50494.646363727305
2845;31101.43557787787
2846;52562.00762070146
2848;136329.34702875972
2849;74920.53354257118
2850;103820.5424604925
2851;42711.67981666777
2852;49817.83142338145
2853;40952.55582529181
2854;89421.8264842514
2856;35176.14819649852
2857;29370.345447667452
2858;54202.42460885269
2859;90033.06319447588
2861;34570.036843062284
2862;29667.707726484598
2863;26537.64651287803
2864;286679.85290529946
2865;65594.51949180971
2866;45259.388660625555
2868;37908.51037307945
2869;90768.75534869848
2870;78979.10192541976
2871;102328.46836098633
2872;38560.30028848803
2873;80720.42935892915
2874;69888.17900530067
2875;91647.74860586929
2876;70444.24419988396
2878;81055.86851939908
2879;37098.03246575347
2880;49466.732411336045
2881;94259.93836581294
2882;28135.348010426747
2883;79002.8957714959
2884;103669.35572677484
2885;113821.40547497115
2886;50530.480575703376
2887;46830.79683979825
2888;49411.2853110398
2890;33103.9165845985
2891;90861.0136832457
2892;80039.43949292455
2893;65675.07554479432
2895;118723.39207069507
2896;86211.09381087772
2897;79589.67241281751
2898;87526.6002052148
2899;80763.46623738516
2900;49396.43942766773
2901;279247.23183122766
2902;127627.34908336327
2903;176739.8641714854
2904;81383.30525825522
2905;39941.507166654184
2906;334800.313688071
2907;82297.86091807223
2908;72213.28985859908
2909;74125.99415708637
2911;51134.189827758506
2912;96748.4564183053
2913;26370.072744111254
2914;46706.959831390566
2915;43324.778481395515
2916;89088.34550861391
2917;64112.175409930525
2918;141521.70619620595
2919;34831.27119727766
2920;79128.73143361029
2921;44106.242818545405
2922;97683.53974037377
2923;111707.16478867324
2924;73311.43522734003
2925;74885.92932372098
2926;119108.5204231773
2927;72984.45973422896
2928;42987.45343198638
2930;190830.3793219386
2931;30135.596661626187
2933;99206.51988462097
2935;36889.13164217369
2936;153695.79944181716
2937;54723.22556978823
2938;78473.58138512277
2939;92574.06768266378
2940;168340.2830187916
2941;73325.05465556296
2942;55580.16686999949
2943;30226.161913443386
2944;59044.181264240346
2946;72307.32893573369
2947;133816.0345820921
2948;50066.13477710238
2949;47011.24156280634
2951;28705.698290374843
2952;35590.100983990465
2953;101126.41206477136
2955;97954.65962412737
2956;24582.257912950317
2957;37739.62792475624
2959;73433.07593992703
2960;44826.46949506176
2961;115522.6520672891
2962;39281.36361232756
2963;138309.52405155115
2964;85457.68744422341
2965;50353.97867778023
2967;39747.97434616501
2968;43070.15099054026
2969;32104.778893973256
2970;100098.67983548537
2971;65517.72599769459
2972;94707.45720385737
2973;81598.54497120566
2974;129320.90115367243
2975;37818.6356227321
2977;160088.18818490513
2978;100133.72838112351
2979;85038.53673018394
2980;103811.75147837742
2981;68375.31546786464
2982;101117.2906257527
2983;46461.81376002793
2985;80072.83820765761
2986;208808.09899284155
2987;32847.130279014964
2988;117299.324210743
2989;40392.601435481905
2990;39914.67472024631
2991;29678.42845026638
2993;218776.3906308658
2994;49837.07384715401
2995;31200.377167684066
2996;116848.69433647441
2997;37357.51425611525
2998;90843.48984541027
2999;48266.6484970798
3000;89303.5867180748
3001;48194.47425312884
3002;82085.51743716732
3003;85704.69271664029
3005;345558.8374561432
3006;257896.6625930123
3007;212481.0158741943
3009;280452.8322512747
3010;226926.0080924801
3011;92167.95188768771
3012;195007.2007265264
3013;97519.37022950065
3014;92198.24573259002
3015;109965.50369912469
3016;45625.857326626334
3017;226904.13159647377
3018;142135.24237492052
3019;39973.56691209172
3020;187870.35016571774
3021;95742.04161194862
3022;90542.95824508311
3023;51871.25125201289
3024;42860.84861679232
3025;112157.21769253444
3026;94497.16852600402
3027;41950.98298404676
3028;120957.99980546783
3029;128507.10692107584
3030;41191.9448870188
3031;34982.01630825403
3032;114081.98797282366
3034;200064.918173306
3035;53280.07565833882
3036;92321.47375246177
3037;89532.08566471149
3038;197741.76741509303
3039;31565.506356592585
3040;102206.07571049908
3041;47180.029759358404
3042;34631.362896125174
3043;38821.14246449478
3044;106007.53816111838
3045;188957.45556331731
3046;89693.95035344212
3047;43010.040107513276
3048;101578.79516592751
3049;71468.86079040602
3050;41902.95856965769
3051;205892.13923684333
3052;50510.12484099757
3053;101325.08877690078
3055;71144.25421386743
3056;44415.762442824045
3058;29557.268278334708
3059;97360.55721971324
3060;88974.16434642246
3061;94365.60155323929
3062;130252.45274034982
3063;125441.81300949388
3064;73671.10389994945
3065;30989.855789281504
3066;48060.898180335025
3067;66891.79472554509
3068;35985.28591602193
3070;75601.52138098316
3071;37296.30591915504
3072;62620.24791411051
3073;44793.05202063976
3074;175163.9616294951
3075;78362.62327788964
3076;44104.99272890068
3077;111637.9225197571
3078;35688.857097864275
3079;110952.4457438928
3080;44186.59704986975
3081;36294.91411335431
3083;87910.62373574385
3084;29024.874314793993
3085;82184.13457737434
3087;16564.93993219599
3088;98231.07193303842
3089;47755.88867243155
3090;54409.347267351106
3091;150208.47452839772
3092;41259.228060340814
3093;105151.33494569664
3094;25854.28853371342
3095;48857.7514674575
3097;94076.06320925773
3099;46595.589775402426
3100;93583.55616865105
3101;148469.06668242687
3102;48254.933852540904
3104;33098.343988518216
3105;111623.18172721121
3106;31197.930573843154
3107;27609.500589650834
3108;70232.24200732037
3110;135447.3235558497
3111;96175.40900779516
3112;91692.82190635701
3113;78502.09014020264
3116;41174.192773253126
3117;26583.359912584205
3118;34360.34058247947
3119;27275.599025176238
3120;34380.123692510504
3122;40909.342245233354
3123;56780.548066143936
3124;88391.37489217934
3125;79142.43690604002
3126;186323.3331475343
3127;61272.761086795974
3128;65632.42604830569
3129;31973.28084287536
3130;53156.990725247306
3131;30205.70594665415
3132;54403.94659330678
3133;47951.35753166728
3134;176931.24986409993
3135;108494.9872992516
3136;49377.59727897295
3137;47737.25367030188
3139;38759.35886856602
3140;46844.63642978969
3141;46835.020870894215
3142;117687.9565179725
3143;23411.94700668179
3144;113554.70970183448
3145;48492.915965736494
3146;19880.89582028911
3147;24030.82286988478
3148;25975.008616410574
3149;80394.73220833704
3150;22901.06673108066
3151;192577.44821607007
3152;107704.64758728341
3153;217737.9335613884
3154;123606.93991130804
3155;93705.57946013722
3157;139823.75191692455
3158;35755.15594867457
3159;40516.339059208694
3160;35856.973180991416
3161;74578.22009618365
3162;69452.04227455234
3163;46100.91137313214
3165;46312.13903330479
3166;82911.16463340541
3167;62479.48496403722
3170;165639.95308818077
3171;38165.73975968663
3172;50181.39448863317
3173;23456.824252264083
3174;50036.04168761869
3175;48504.959847941645
3176;87875.03170016974
3177;201354.52166214073
3178;55325.914214826735
3179;115952.19722606013
3180;82875.24777951911
3181;130681.08393302362
3183;118290.40013921738
3184;79570.35947817059
3185;247690.5311825097
3187;76247.74182657684
3188;39009.72706751721
3189;84047.9645674647
3190;132778.6234281592
3191;47962.13788644058
3192;80008.12551245179
3193;85110.98511850587
3194;97441.24810359189
3195;86971.87893906065
3196;46578.9923028157
3198;134981.93836792753
3201;131724.34527832168
3202;51631.19853469945
3203;87753.21106787107
3204;79396.22554212227
3205;39386.654754905474
3207;41700.7793753006
3209;214227.96777749827
3210;120752.59323333751
3211;27339.700285354455
3212;30152.821124519858
3214;372270.85507244896
3215;137241.24693855157
3216;112760.98116104574
3217;87989.30266822984
3218;86595.91698545891
3219;36285.56416206004
3220;68224.75363894046
3221;134285.6440693253
3222;268505.7276111542
3223;94939.85035777667
3224;91135.97502104154
3225;104408.16152761427
3226;74429.43687283692
3227;124533.01956697313
3228;143971.19105437002
3229;118427.16558471396
3230;144179.7459009641
3231;83492.25549534745
3232;43138.84850015573
3233;39951.814880369755
3234;70510.1051904896
3235;29702.75614902547
3237;181139.80656764595
3238;76138.67303610923
3239;55374.59721420406
3240;92282.41145591387
3241;26280.75237171509
3242;25930.694116788316
3244;168337.93403601472
3245;93732.72150019137
3246;51035.737291448546
3247;71623.61398396468
3248;30099.883731465667
3249;49712.91525212719
3250;33478.31246408783
3253;105999.69469379482
3254;244653.17203804094
3255;99272.90805224596
3256;48977.7339173129
3257;133011.99711105856
3258;113172.17210911059
3259;117879.84252460276
3260;101153.95236226385
3262;111866.99440990361
3264;46006.42119776318
3265;41606.803215596854
3266;130979.89936642302
3267;53028.332304631804
3268;107794.2280377862
3269;185446.36053361578
3270;28819.80592338098
3271;29742.47122791014
3272;128118.66851924123
3273;30494.6773588837
3275;36456.278012749186
3276;31486.95870876098
3277;92515.18861704732
3278;37674.780178340625
3279;40416.30876572199
3280;29816.954006122472
3281;22500.916095078737
3282;44703.398211591004
3283;105159.26055107567
3286;63596.29136949743
3288;38765.22361498203
3289;41903.126787875175
3290;421540.42681119946
3291;223892.8883218173
3292;93181.507345038
3293;72407.55238869997
3295;46636.677405864444
3296;81496.67045217926
3297;30137.438909537654
3298;89736.71473627537
3299;39585.45584409973
3300;79160.1719292568
3302;66864.96726124566
3303;50021.427993012294
3304;49179.527492686815
3305;121791.47154323854
3306;128894.4507421056
3308;43147.757065779646
3309;49893.89442695873
3311;38357.593152294154
3312;67498.18040073174
3313;52592.680941794584
3314;45788.111717510445
3315;70013.88358685891
3317;31697.043671415067
3318;53030.85392557158
3319;35079.95567149761
3320;47054.814407385515
3321;40953.10020224273
3322;42468.81146014689
3324;62573.286794312335
3325;175625.309477612
3327;97181.57663917136
3328;83336.90228796235
3329;128081.13159925921
3330;275046.0936430134
3331;133718.03573854655
3332;34504.866589956364
3333;54086.02907000846
3334;36558.99876050566
3335;83169.07638990857
3336;85754.17072610949
3337;94850.96189053661
3338;298835.3942230723
3339;50194.276850630915
3341;35504.824541639966
3342;74641.05070530398
3343;38922.92489567864
3345;111328.74974153959
3346;86931.94539489805
3347;55384.02920997094
3348;48230.160150527016
3349;26703.46642975503
3350;107209.08184625489
3351;69081.66980195556
3352;230293.50120978817
3354;40809.17727384806
3355;36121.0411152577
3356;45261.77448452167
3357;170028.01809192848
3358;38520.46940424068
3360;81239.20658431888
3361;30291.747136290254
3362;48601.338563220364
3363;67957.12706009367
3364;46484.72759178219
3365;35498.067946426025
3366;46155.190064078255
3369;26125.85472610847
3370;92877.05237400105
3372;97329.62773006991
3373;82220.58076076023
3374;36868.48221601308
3375;171728.5660710946
3376;91263.00569553557
3377;48313.3978891752
3378;50653.552728430746
3379;98557.14287282818
3380;82597.03160335422
3381;38481.09229506051
3382;46866.15726188518
3384;50365.23232514125
3385;53449.86014258419
3386;45263.103452467534
3387;86858.23432376947
3388;96184.5189137663
3391;73136.78441960855
3392;218616.00643266077
3393;535341.6683624139
3395;42775.715003890815
3397;247339.47551273066
3398;119184.86696788692
3399;101003.13574729359
3400;65334.0081116852
3401;33336.110508467755
3402;89037.52816748491
3403;116787.35833614173
3404;87791.11590531339
3405;63001.82885326578
3407;37089.97946174768
3408;44387.33049387871
3409;39722.16090261549
3410;51921.077902681274
3411;407597.04427240574
3412;353533.15358819626
3413;106703.38269864635
3414;37156.823197527476
3417;386601.101719247
3418;71907.11175501822
3419;91540.17759708395
3420;371600.4505107543
3421;53946.65844098161
3422;97329.5256475315
3423;389194.77055044804
3424;250077.13736768553
3425;86264.96599039403
3427;68541.1062275085
3428;100593.395788909
3429;103672.33051030523
3430;38278.76007710814
3431;79837.3063692886
3434;36340.78194130484
3435;42406.24701579642
3437;38867.39024304813
3438;39149.77150320813
3439;44938.74471591471
3440;123352.84904720284
3441;168412.42755503498
3442;226726.17091144435
3443;46383.98835718477
3444;21435.108641511975
3445;34053.13106456078
3446;64465.92821193093
3447;46555.9565551903
3448;564593.4341904031
3449;260106.29806691137
3451;33545.51735992057
3452;224308.64316926835
3453;53890.21918029239
3454;166266.56814282958
3455;186591.00568402908
3456;62717.08804398341
3458;54817.68643063252
3459;40707.604283826186
3460;40138.35613957303
3461;79128.94419515264
3462;71938.3191886613
3463;34710.03440776457
3465;40703.76972656005
3466;93705.96209314586
3467;144476.54193143875
3468;41160.83028691216
3469;75632.4962410261
3470;178327.21603230573
3471;246010.84122878299
3473;114058.63543570456
3474;32577.991000689985
3476;31131.682798176786
3477;37751.77953231715
3479;98274.861883888
3481;36846.21317521659
3482;106842.66890824448
3483;51119.221762145105
3485;37993.29948346019
3486;34020.77253802254
3487;28446.153696548445
3488;41744.805772766966
3489;82865.15252729999
3490;24664.1870215393
3491;48372.925516403244
3492;65364.65622379243
3494;91320.3687529366
3495;261799.59711932144
3496;65209.38235111352
3497;53485.42467458849
3498;33408.774718957
3499;94643.62436161267
3500;89848.35238287853
3501;174690.6655060431
3502;75319.5820354538
3503;97301.33162007033
3504;29236.447537543518
3505;433397.3109416485
3506;440770.73517304735
3507;360545.94961634924
3508;354891.44783779996
3509;440829.65091117617
3510;171897.76620542092
3511;212498.25171686654
3513;175542.81000546084
3514;50138.14423804451
3515;113222.1377924196
3516;107204.52095715473
3517;170329.25068010678
3518;72125.68304501456
3519;172971.68802830056
3520;180818.78813131433
3521;107457.54379020882
3522;116455.32593593374
3523;85312.95308736552
3524;73055.89367812045
3525;122513.88435326522
3526;68843.3476655826
3527;115370.03007312339
3528;68039.81495930294
3529;93032.54555695916
3530;196016.47039473403
3531;93268.7299703835
3532;48508.84966163929
3534;124051.52773626795
3535;98809.68449425876
3536;69234.30987343297
3537;99551.15506252051
3538;79207.59301462291
3540;116924.57025029017
3541;20979.88349058457
3542;19753.19113563609
3543;70478.65954970448
3544;123891.15259462997
3545;40184.18034238325
3546;43487.84537564011
3547;97296.18361790136
3548;77345.95643159446
3550;83339.09117553353
3551;45818.7217102792
3553;431293.63983299973
3554;66151.15162968881
3555;71050.90973243669
3556;96714.4500415232
3558;338031.3390090322
3560;97970.99019000189
3561;137881.7768544181
3562;46565.833693415254
3563;38305.255591158355
3564;42341.06339655989
3567;43552.18849252002
3569;50187.23828716041
3570;43296.684160769335
3571;50149.72720704965
3572;227255.947879513
3573;123480.34973472489
3574;270369.4523110938
3575;62753.754515261564
3576;91679.59113543115
3577;113864.90521428194
3578;80548.51401330273
3579;93713.48691358475
3580;28066.74917034243
3581;76605.25924406353
3582;113793.85633445326
3583;51951.86290886779
3584;137298.90361316424
3585;224358.86126530948
3586;76708.50495180595
3587;53394.10496879437
3588;178931.96807507993
3589;56137.80967039877
3590;337151.30533387937
3591;241707.4799496159
3594;83471.52436756401
3595;86155.47215126675
3596;37088.52826748234
3597;404705.30958884466
3600;92778.24432510149
3601;214937.67257911517
3602;33229.63313062009
3603;95144.42011318
3604;102593.79267208949
3606;104702.14950220105
3607;55315.831364962505
3609;144497.50660110754
3610;69239.6301283294
3611;29810.753671035072
3612;33250.88884963997
3613;25252.242187137163
3614;30119.13237834025
3615;42861.80163581437
3616;109132.38701908645
3618;36582.886316187345
3619;107021.30956748438
3620;213409.76498502737
3622;38734.00949581158
3623;75904.30560197886
3624;96180.24167531432
3625;111488.10650341562
3628;40309.92959453321
3629;29067.912461171854
3630;38559.50430685227
3631;79045.80764839162
3632;85078.35459333583
3633;37729.14307387452
3634;208557.31359112659
3635;47578.381168440006
3637;65040.36215766135
3638;38894.60653103662
3639;53147.839899342136
3640;47257.84930007901
3641;283576.94557490665
3642;98360.65877445962
3643;187241.01218178496
3645;170586.14244964125
3646;190012.3715339317
3647;95450.93145228336
3648;57808.96103897435
3649;423950.6047991731
3651;95063.64820197428
3652;88335.7716590237
3653;91583.72475140035
3654;55692.201186385064
3656;36880.80975420903
3657;67275.68127024235
3658;53547.09381992529
3659;64212.74946122444
3660;104935.13663374544
3662;60404.85792747579
3663;32787.52096082458
3664;118154.98631027945
3665;30557.718207882834
3666;27812.946274448797
3669;167834.38516573954
3670;188463.2336571204
3671;94410.54715537898
3673;240411.12488021332
3676;127599.44400506164
3677;65369.88413740698
3678;163263.7895268451
3679;203653.9222726291
3680;79261.63857594096
3681;244565.34293991092
3682;121330.50617008982
3683;130290.18655912392
3685;161802.09125886892
3686;89787.29895345937
3687;50231.52706061857
