cod_loja,cod_ap,cod_municipio,feature_01,feature_02,feature_03,feature_04,feature_05,feature_06,feature_07,feature_08,feature_09,feature_10,feature_11,feature_12,feature_13,feature_14,feature_15,feature_16,feature_17,feature_18,0
10,2933307005008,2933307,FEATURE_01_VALUE_08,FEATURE_02_VALUE_02,False,50.0,FEATURE_05_VALUE_03,6,0.134654243381425,0.131481348728959,116.19405798,2.9134982373335694,FEATURE_11_VALUE_01,FEATURE_12_VALUE_01,100.0,93.4,100.0,100.0,71.7,88.8,10
13,2916401003002,2916401,FEATURE_01_VALUE_10,FEATURE_02_VALUE_04,False,41.0,FEATURE_05_VALUE_03,4,0.116662025874871,0.114995115362857,26.34574205,1.31261157198362,,,84.3,77.5,100.0,100.0,63.5,78.8,10
16,2928703003003,2928703,,FEATURE_02_VALUE_04,False,42.12,FEATURE_05_VALUE_05,2,0.104162103532515,0.0878070999373564,35.36278817,1.9695119549375701,,,,,,,,,10
21,2906006003001,2906006,,FEATURE_02_VALUE_04,False,30.0,FEATURE_05_VALUE_03,6,0.13295400951460198,0.131329876138437,9.86275707,1.38368086784464,,,85.0,76.9,100.0,100.0,100.0,92.9,10
28,3550308005058,3550308,FEATURE_01_VALUE_10,FEATURE_02_VALUE_02,True,44.31,FEATURE_05_VALUE_03,8,0.19010222782583397,0.179139940969186,5593.905463,2.81588342075523,FEATURE_11_VALUE_02,FEATURE_12_VALUE_01,,,,,,,6
41,3523404003004,3523404,,FEATURE_02_VALUE_06,False,52.14,FEATURE_05_VALUE_03,10,0.17845901846104,0.174987368965328,47.7509339,2.6482115744500496,,,88.0,94.2,100.0,100.0,91.4,93.0,19
55,3537305003002,3537305,,FEATURE_02_VALUE_02,False,40.16,FEATURE_05_VALUE_03,4,0.14512823140949402,0.136117377522185,28.249595000000003,3.22211660840006,,,,,,,,,19
64,3516200005020,3516200,FEATURE_01_VALUE_08,FEATURE_02_VALUE_03,False,41.32,FEATURE_05_VALUE_03,6,0.16976826935373998,0.17519799119341198,160.16670326,1.7538116172481497,,,96.9,79.4,0.0,100.0,59.7,77.7,27
73,2101202003001,2101202,FEATURE_01_VALUE_10,FEATURE_02_VALUE_06,False,45.0,FEATURE_05_VALUE_03,11,0.149531145868204,0.159541372004647,29.7345821,0.974127182044888,FEATURE_11_VALUE_02,FEATURE_12_VALUE_02,96.0,67.7,66.7,100.0,100.0,92.9,17
75,2306900003002,2306900,FEATURE_01_VALUE_10,FEATURE_02_VALUE_02,False,48.4,FEATURE_05_VALUE_03,14,0.28782577335366805,0.27570407531875896,9.48319877,2.8934347964468596,,,,,,,,,21
82,3170206005007,3170206,,FEATURE_02_VALUE_02,False,61.35,FEATURE_05_VALUE_03,6,0.146773165485083,0.137831795844566,316.82227638,1.81169813485677,,,,,,,,,16
84,3132404003004,3132404,,FEATURE_02_VALUE_04,False,38.57,FEATURE_05_VALUE_03,7,0.172483253134523,0.16787083362333402,39.0969625,2.08289939595918,,,100.0,87.3,100.0,100.0,96.8,96.9,16
87,3159605003002,3159605,,FEATURE_02_VALUE_04,False,46.32,FEATURE_05_VALUE_03,3,0.151100749245935,0.137125056726373,14.87649703,2.4140012070006,,,100.0,88.1,100.0,100.0,38.0,75.8,16
99,3105103001001,3105103,,FEATURE_02_VALUE_04,False,34.87,FEATURE_05_VALUE_03,5,0.15492088146165303,0.168516087973322,7.96988988,4.1928721174004195,,,100.0,70.3,100.0,100.0,94.5,93.1,8
103,5208004003003,5208004,,FEATURE_02_VALUE_04,False,43.95,FEATURE_05_VALUE_03,5,0.207150935969518,0.213091115220355,33.3587163,0.890979721301543,,,100.0,0.0,33.3,100.0,28.7,53.7,3
106,5210109001001,5210109,,FEATURE_02_VALUE_04,False,32.31,FEATURE_05_VALUE_03,7,0.17925509717378502,0.168829193897496,7.4408068,3.79175672088879,,,100.0,88.0,100.0,100.0,98.9,97.7,3
117,1718204003002,1718204,,FEATURE_02_VALUE_02,False,34.3,FEATURE_05_VALUE_03,8,0.20752547301858604,0.19474879221403402,17.33511452,1.9163696293741102,,,,,,,,,13
119,4203808003001,4203808,,FEATURE_02_VALUE_04,False,30.0,FEATURE_05_VALUE_02,6,0.21148289946870003,0.202998281327436,19.15982096,7.381708127260651,,,53.2,68.1,100.0,50.0,30.9,49.8,14
127,4122305003002,4122305,,FEATURE_02_VALUE_04,False,35.25,FEATURE_05_VALUE_03,3,0.19621758819913504,0.21458806122338803,11.28890579,5.9889204970804,,,96.0,75.0,100.0,100.0,98.5,90.8,1
129,4122404003001,4122404,FEATURE_01_VALUE_10,FEATURE_02_VALUE_06,False,57.27,FEATURE_05_VALUE_03,6,0.198418796959021,0.199365039174852,24.8213806,3.15875923937078,,,,,,,,,1
132,4104303003001,4104303,FEATURE_01_VALUE_10,FEATURE_02_VALUE_04,False,50.54,FEATURE_05_VALUE_03,7,0.16462041296398403,0.165403007990245,37.99013361,3.22823630689766,,,98.2,95.6,100.0,100.0,100.0,98.8,1
178,3118601005009,3118601,,FEATURE_02_VALUE_02,False,46.59,FEATURE_05_VALUE_05,16,0.107871270969554,0.10426105196934801,287.13304984,2.00380414510008,,,100.0,79.8,0.0,100.0,97.5,83.5,8
200,4114609003002,4114609,,FEATURE_02_VALUE_04,False,25.0,FEATURE_05_VALUE_03,5,0.201872171607552,0.21013241849687603,18.56787773,1.9681939851991799,FEATURE_11_VALUE_07,FEATURE_12_VALUE_01,100.0,89.2,100.0,100.0,98.4,97.8,1
201,3205309005010,3205309,,FEATURE_02_VALUE_06,True,25.44,FEATURE_05_VALUE_03,3,0.118748745112078,0.110059743182675,231.35517445,7.305936073059359,,,99.0,82.1,100.0,100.0,93.5,94.7,20
202,3169901003006,3169901,,FEATURE_02_VALUE_04,False,24.0,FEATURE_05_VALUE_03,4,0.122070233670876,0.11525307372817802,44.35974334,1.80160703347386,,,100.0,67.7,100.0,100.0,57.0,79.2,16
203,3543402005001,3543402,,FEATURE_02_VALUE_02,True,43.2,FEATURE_05_VALUE_03,6,0.19144279720493104,0.18346116273752,344.88946932,4.80247567621109,,,,,,,,,6
206,3170206005007,3170206,,FEATURE_02_VALUE_02,False,24.71,FEATURE_05_VALUE_06,5,0.146773165485083,0.137831795844566,316.82227638,1.81169813485677,,,,,,,,,16
213,3151206003002,3151206,FEATURE_01_VALUE_10,FEATURE_02_VALUE_04,False,55.54,FEATURE_05_VALUE_03,6,0.24865023609547102,0.26079337009734804,15.85558078,1.77844172935674,,,96.9,81.3,100.0,100.0,93.1,93.6,16
215,3511102003004,3511102,FEATURE_01_VALUE_08,FEATURE_02_VALUE_03,False,47.66,FEATURE_05_VALUE_05,8,0.188523042729739,0.183745317232202,61.60598423,3.3478406427854,FEATURE_11_VALUE_02,FEATURE_12_VALUE_01,100.0,90.9,100.0,100.0,99.0,98.4,27
220,4109807003001,4109807,,FEATURE_02_VALUE_04,False,26.84,FEATURE_05_VALUE_03,6,0.198418796959021,0.199365039174852,19.16829876,1.91094974202178,,,100.0,91.6,100.0,100.0,96.2,97.3,1
232,3535507003002,3535507,,FEATURE_02_VALUE_04,False,28.75,FEATURE_05_VALUE_03,4,0.190719321088189,0.16354536846107,18.04746032,4.46488368977988,FEATURE_11_VALUE_02,FEATURE_12_VALUE_02,85.0,85.8,100.0,100.0,95.2,92.5,19
234,5103205003001,5103205,FEATURE_01_VALUE_10,FEATURE_02_VALUE_06,False,58.61,FEATURE_05_VALUE_03,7,0.281184456540164,0.264856090537754,13.5535766,3.13528766264305,,,96.9,83.4,100.0,100.0,92.4,93.7,15
235,4314902004013,4314902,,FEATURE_02_VALUE_03,True,25.0,FEATURE_05_VALUE_03,5,0.116197735939536,0.117093552085394,842.4716612999999,3.7240997327450605,,,,,,,,,9
240,2401107001001,2401107,,FEATURE_02_VALUE_04,False,19.61,FEATURE_05_VALUE_03,4,0.148890866713212,0.0611884240106786,9.81153064,3.6555051908173706,,,100.0,0.0,100.0,100.0,100.0,84.7,12
241,2402006003003,2402006,,FEATURE_02_VALUE_04,False,30.46,FEATURE_05_VALUE_03,5,0.164472650787786,0.13458759656957,28.43410205,2.97357974397478,,,100.0,59.8,100.0,100.0,95.6,91.9,12
242,2923605001001,2923605,,FEATURE_02_VALUE_04,False,28.5,FEATURE_05_VALUE_03,3,0.352100960184466,0.304604859057292,3.92215934,4.529600942157,,,100.0,78.1,0.0,100.0,46.1,73.5,10
254,3303906005001,3303906,,FEATURE_02_VALUE_04,False,29.63,FEATURE_05_VALUE_03,3,0.0895028255943415,0.0793153901003084,129.67293758,2.68328514600425,,,82.0,0.0,66.7,100.0,54.5,62.7,4
255,4314902004005,4314902,FEATURE_01_VALUE_08,FEATURE_02_VALUE_03,True,96.18,FEATURE_05_VALUE_05,12,0.116197735939536,0.117093552085394,842.4716612999999,3.7240997327450605,FEATURE_11_VALUE_02,FEATURE_12_VALUE_01,99.0,86.3,100.0,100.0,98.6,97.0,9
261,4121406001001,4121406,FEATURE_01_VALUE_10,FEATURE_02_VALUE_04,False,26.05,FEATURE_05_VALUE_03,2,0.247522671984039,0.260255678360954,5.268364599999999,5.874405216471831,,,100.0,95.0,100.0,100.0,71.2,88.6,1
262,4317509003002,4317509,,FEATURE_02_VALUE_04,False,46.34,FEATURE_05_VALUE_03,8,0.178109246912071,0.178121010483678,33.41792773,2.532414910859,FEATURE_11_VALUE_06,FEATURE_12_VALUE_01,100.0,77.2,100.0,100.0,72.5,86.2,9
272,2917102001001,2917102,,FEATURE_02_VALUE_04,False,26.4,FEATURE_05_VALUE_03,4,0.116662025874871,0.114995115362857,7.05369244,4.72188119746907,,,100.0,96.2,100.0,100.0,94.8,97.5,10
278,3128006003002,3128006,,FEATURE_02_VALUE_04,False,37.8,FEATURE_05_VALUE_02,7,0.185314757782742,0.183731657628682,8.96532145,2.9795602169119797,,,85.0,88.8,100.0,100.0,99.0,90.3,8
285,3501608005001,3501608,FEATURE_01_VALUE_10,FEATURE_02_VALUE_03,False,47.6,FEATURE_05_VALUE_03,7,0.18165982132119599,0.17793854192416197,133.39061565,4.36068061503039,,,96.9,68.8,0.0,100.0,85.5,85.6,27
300,3543402005001,3543402,,FEATURE_02_VALUE_02,True,54.4,FEATURE_05_VALUE_03,4,0.19144279720493104,0.18346116273752,344.88946932,4.80247567621109,,,,,,,,,6
302,3139003003002,3139003,,FEATURE_02_VALUE_04,False,30.87,FEATURE_05_VALUE_03,8,0.137586536127142,0.134658346743747,13.41855828,2.4173274028234397,,,81.6,75.0,100.0,50.0,95.6,81.9,16
303,1708205001001,1708205,,FEATURE_02_VALUE_04,False,32.5,FEATURE_05_VALUE_03,5,0.23727360325821203,0.23834122648557196,5.41451816,5.335609860207019,,,51.5,71.7,66.7,50.0,73.6,64.6,13
308,3550308005115,3550308,FEATURE_01_VALUE_10,FEATURE_02_VALUE_02,True,30.39,FEATURE_05_VALUE_03,11,0.19010222782583397,0.179139940969186,5593.905463,2.81588342075523,,,,,,,,,6
315,3550308005180,3550308,FEATURE_01_VALUE_10,FEATURE_02_VALUE_06,True,25.27,FEATURE_05_VALUE_06,6,0.19010222782583397,0.179139940969186,5593.905463,2.81588342075523,,,,,,,,,6
323,4205902003002,4205902,,FEATURE_02_VALUE_04,False,35.4,FEATURE_05_VALUE_03,4,0.133753965158954,0.134263945143455,26.91361309,1.5378937007874,,,87.2,80.1,100.0,100.0,68.0,81.9,14
327,3543402005002,3543402,,FEATURE_02_VALUE_02,True,41.82,FEATURE_05_VALUE_03,5,0.19144279720493104,0.18346116273752,344.88946932,4.80247567621109,,,,,,,,,6
333,2933604003002,2933604,,FEATURE_02_VALUE_04,False,24.15,FEATURE_05_VALUE_03,4,0.173387140306294,0.162525713043278,11.37922035,2.06970775726467,,,100.0,92.7,66.7,100.0,57.3,82.1,10
334,2100055003003,2100055,FEATURE_01_VALUE_10,FEATURE_02_VALUE_06,False,39.5,FEATURE_05_VALUE_03,7,0.194776961375056,0.19231430568370603,30.99580135,0.911701691206637,,,84.1,76.2,100.0,100.0,98.4,92.1,17
339,2408904001001,2408904,,FEATURE_02_VALUE_04,False,30.0,FEATURE_05_VALUE_03,2,0.212811503573314,0.20691095658942896,8.23487476,4.65484336452078,,,85.0,86.5,100.0,100.0,98.4,93.8,12
344,5210406003001,5210406,,FEATURE_02_VALUE_06,False,35.15,FEATURE_05_VALUE_03,7,0.17992923349355605,0.17866959160173002,13.2465485,2.5234045774559,FEATURE_11_VALUE_06,FEATURE_12_VALUE_01,100.0,92.8,100.0,100.0,73.6,89.1,3
353,3550308005083,3550308,,FEATURE_02_VALUE_06,True,56.91,FEATURE_05_VALUE_05,9,0.19010222782583397,0.179139940969186,5593.905463,2.81588342075523,,,100.0,68.8,100.0,100.0,26.2,63.1,6
355,2211308001001,2211308,,FEATURE_02_VALUE_02,False,32.5,FEATURE_05_VALUE_03,6,0.154431245154741,0.15507830968218697,7.73816622,4.8619214313496695,,,,,,,,,7
375,4308508003001,4308508,,FEATURE_02_VALUE_06,False,17.93,FEATURE_05_VALUE_03,4,0.195050368652727,0.21743835310174103,12.24842879,3.27246547548923,,,100.0,95.8,100.0,100.0,97.7,98.5,9
381,3516200005021,3516200,,FEATURE_02_VALUE_03,False,54.0,FEATURE_05_VALUE_05,11,0.16976826935373998,0.17519799119341198,160.16670326,1.7538116172481497,FEATURE_11_VALUE_07,FEATURE_12_VALUE_01,100.0,56.4,0.0,100.0,70.5,70.9,27
384,1501709003004,1501709,FEATURE_01_VALUE_10,FEATURE_02_VALUE_04,False,40.5,FEATURE_05_VALUE_03,6,0.126006185206458,0.125117265139703,33.13176123,0.822855638206833,,,100.0,95.3,100.0,100.0,83.1,92.9,5
394,3300100003003,3300100,,FEATURE_02_VALUE_06,False,25.42,FEATURE_05_VALUE_05,6,0.15476855018702,0.14690996538714202,70.63396294,1.5934054260766102,,,89.5,90.6,100.0,100.0,62.9,83.1,4
420,3104007003004,3104007,FEATURE_01_VALUE_10,FEATURE_02_VALUE_04,False,39.82,FEATURE_05_VALUE_03,5,0.14075690378847902,0.135725150322651,43.63710418,3.9124396017136496,,,84.3,80.9,100.0,100.0,71.1,82.2,8
427,2708501001001,2708501,,FEATURE_02_VALUE_04,False,24.0,FEATURE_05_VALUE_03,7,0.20149016080600102,0.207083844202094,6.99922845,2.8882534731247995,,,,,,,,,22
448,2612604003001,2612604,FEATURE_01_VALUE_10,FEATURE_02_VALUE_04,False,31.55,FEATURE_05_VALUE_03,6,0.24588067964672403,0.272049250592723,6.36441781,2.4217179667256,,,100.0,68.1,100.0,100.0,58.5,79.7,2
450,3201209003001,3201209,,FEATURE_02_VALUE_04,True,54.4,FEATURE_05_VALUE_05,8,0.15743095149898098,0.13216360292927,87.88382509,2.39576046228594,,,88.0,62.2,0.0,100.0,70.6,76.9,20
452,2914703003001,2914703,,FEATURE_02_VALUE_04,False,39.0,FEATURE_05_VALUE_03,8,0.10792849346691999,0.10760614878508,19.82808272,1.50806816468104,,,100.0,93.3,100.0,100.0,94.2,96.9,10
461,4117701003001,4117701,,FEATURE_02_VALUE_04,False,24.0,FEATURE_05_VALUE_03,2,0.167462213607307,0.13043041731357902,8.93030406,2.96269961188635,,,89.5,81.2,66.7,100.0,74.7,83.7,1
476,3525904005010,3525904,,FEATURE_02_VALUE_03,False,27.14,FEATURE_05_VALUE_06,10,0.254780238181455,0.24696395645968303,188.31757217,2.48820590401497,FEATURE_11_VALUE_06,FEATURE_12_VALUE_01,,,,,,,19
480,5208707005037,5208707,FEATURE_01_VALUE_08,FEATURE_02_VALUE_03,False,54.45,FEATURE_05_VALUE_05,11,0.19089644321124496,0.17942305290278895,661.41587319,2.7958400695604997,FEATURE_11_VALUE_02,FEATURE_12_VALUE_01,98.1,78.6,50.0,100.0,86.3,88.6,3
486,4119509003002,4119509,,FEATURE_02_VALUE_04,False,18.43,FEATURE_05_VALUE_03,2,0.168921519796663,0.16765931392066,20.15981957,0.957111819373857,,,,,,,,,1
501,3171303003004,3171303,,FEATURE_02_VALUE_04,True,53.2,FEATURE_05_VALUE_03,5,0.131061107625111,0.122044981790804,30.55372605,3.88007967096924,,,100.0,90.6,100.0,100.0,74.1,89.5,16
514,3205200005005,3205200,,FEATURE_02_VALUE_02,False,32.9,FEATURE_05_VALUE_03,4,0.118748745112078,0.110059743182675,232.30176399,2.1152292273913704,,,88.0,80.6,100.0,100.0,86.8,87.1,20
520,4125605003002,4125605,,FEATURE_02_VALUE_04,False,38.45,FEATURE_05_VALUE_03,4,0.322083290125464,0.33492830776438004,12.36561888,4.484908283625599,,,,,,,,,1
522,3205002005009,3205002,,FEATURE_02_VALUE_06,True,24.46,FEATURE_05_VALUE_03,2,0.118748745112078,0.110059743182675,231.37366479,4.12051687763713,,,,,,,,,20
526,2919801003002,2919801,,FEATURE_02_VALUE_04,False,27.84,FEATURE_05_VALUE_03,4,0.18992953999936,0.190606903037721,6.54613239,1.9895746289443301,,,100.0,97.3,100.0,100.0,100.0,99.6,10
540,2606804003004,2606804,FEATURE_01_VALUE_10,FEATURE_02_VALUE_02,False,28.5,FEATURE_05_VALUE_03,5,0.0892023796248648,0.0990935948962209,47.09870997,0.88918133074878,,,,,,,,,2
543,2610905003002,2610905,,FEATURE_02_VALUE_04,False,28.0,FEATURE_05_VALUE_03,2,0.14626404420929,0.152495377116875,22.05152316,1.51164724199961,,,92.5,91.0,100.0,100.0,61.9,83.6,2
545,1505502003003,1505502,,FEATURE_02_VALUE_06,False,51.0,FEATURE_05_VALUE_03,6,0.155925048567388,0.14842907412128697,37.47502611,0.934492103541725,,,71.6,76.9,100.0,100.0,72.1,78.7,5
556,5101704003002,5101704,FEATURE_01_VALUE_08,FEATURE_02_VALUE_06,False,40.89,FEATURE_05_VALUE_03,3,0.238097957514668,0.232611484998328,11.50375052,2.9673590504451,,,,,,,,,15
560,4214805003003,4214805,,FEATURE_02_VALUE_04,False,50.13,FEATURE_05_VALUE_02,6,0.14195755384620298,0.147584887316322,34.73710493,2.9745527016374904,,,100.0,98.4,100.0,100.0,94.0,97.5,14
561,2702306003001,2702306,,FEATURE_02_VALUE_06,False,27.0,FEATURE_05_VALUE_03,4,0.19125211700342604,0.194069599927863,17.39582811,1.76581730854126,,,,,,,,,22
566,3302502005002,3302502,,FEATURE_02_VALUE_04,False,23.3,FEATURE_05_VALUE_02,3,0.0983988290578631,0.0894600495753896,64.77768565,1.27763416223399,,,,,,,,,4
572,3141108003001,3141108,,FEATURE_02_VALUE_06,False,29.21,FEATURE_05_VALUE_03,6,0.15414754977891798,0.15484235273357902,13.20406666,2.7233857131185495,,,,,,,,,16
575,4309100003001,4309100,,FEATURE_02_VALUE_04,False,27.55,FEATURE_05_VALUE_03,2,0.140449240676218,0.136630796487754,16.12107182,2.8897558156335803,,,100.0,80.9,0.0,100.0,94.2,91.7,9
588,5200134001001,5200134,,FEATURE_02_VALUE_04,False,26.9,FEATURE_05_VALUE_03,3,0.26987123752389697,0.251106055992609,5.90915387,4.601932811780951,,,100.0,93.1,100.0,100.0,69.7,87.9,3
592,3535309001001,3535309,,FEATURE_02_VALUE_04,False,33.3,FEATURE_05_VALUE_03,3,0.190719321088189,0.16354536846107,9.34896604,4.5261156875169695,,,,,,,,,19
596,3552205005010,3552205,,FEATURE_02_VALUE_06,True,30.13,FEATURE_05_VALUE_05,6,0.20810473940074697,0.193996955600903,334.69777355,4.34163049933403,,,,,,,,,6
601,5107107001001,5107107,,FEATURE_02_VALUE_04,False,26.38,FEATURE_05_VALUE_03,4,0.276459504796804,0.266934324087013,6.03432819,5.36999248201053,,,,,,,,,15
603,3169307003002,3169307,FEATURE_01_VALUE_10,FEATURE_02_VALUE_02,False,36.17,FEATURE_05_VALUE_03,6,0.167990698683764,0.16289364280521,24.87032548,2.56670217271339,,,100.0,91.2,0.0,100.0,100.0,95.1,16
610,3143401001001,3143401,,FEATURE_02_VALUE_04,False,32.16,FEATURE_05_VALUE_03,5,0.17982119782298397,0.17136031741806898,8.09144629,4.34367127095821,,,100.0,89.4,100.0,100.0,97.2,97.2,16
618,4302709001001,4302709,,FEATURE_02_VALUE_06,False,22.13,FEATURE_05_VALUE_03,2,0.165911385484703,0.16637320233802802,6.41002755,4.71876179690449,,,,,,,,,9
620,4318408001001,4318408,,FEATURE_02_VALUE_06,False,23.48,FEATURE_05_VALUE_03,4,0.165911385484703,0.16637320233802802,6.35421564,4.25043566965614,,,,,,,,,9
636,3106200005042,3106200,,FEATURE_02_VALUE_06,True,35.0,FEATURE_05_VALUE_03,7,0.107871270969554,0.10426105196934801,1264.09381207,3.15677125436104,,,100.0,89.1,100.0,100.0,93.9,96.1,8
637,4115606001001,4115606,,FEATURE_02_VALUE_04,False,27.9,FEATURE_05_VALUE_03,2,0.22692639016740299,0.24025297513172303,5.101606299999999,5.76701268742791,,,,,,,,,1
641,3135209003001,3135209,FEATURE_01_VALUE_10,FEATURE_02_VALUE_06,False,51.0,FEATURE_05_VALUE_03,8,0.254392252780923,0.27128628267146104,12.01902133,1.4652658724925602,,,100.0,81.9,100.0,100.0,92.2,94.1,16
645,2924009003003,2924009,FEATURE_01_VALUE_08,FEATURE_02_VALUE_02,False,60.0,FEATURE_05_VALUE_03,15,0.225700074535122,0.21270445344596603,38.93061154,1.67765530894023,FEATURE_11_VALUE_02,FEATURE_12_VALUE_01,97.0,96.3,100.0,100.0,92.1,88.3,10
646,3136702005013,3136702,,FEATURE_02_VALUE_02,False,32.58,FEATURE_05_VALUE_06,8,0.104638759550524,0.098191378187481,260.19592702,2.70132040541417,,,,,,,,,16
652,4314902004017,4314902,FEATURE_01_VALUE_10,FEATURE_02_VALUE_03,True,37.79,FEATURE_05_VALUE_05,9,0.116197735939536,0.117093552085394,842.4716612999999,3.7240997327450605,,,100.0,89.4,100.0,100.0,96.7,97.0,9
653,4108304003010,4108304,,FEATURE_02_VALUE_06,False,22.21,FEATURE_05_VALUE_06,2,0.22692639016740299,0.24025297513172303,86.77401425,3.0328073939844304,,,,,,,,,1
678,3509403001001,3509403,,FEATURE_02_VALUE_04,False,23.4,FEATURE_05_VALUE_03,2,0.145124629749489,0.142508409268664,9.53601633,3.9635354736424904,,,,,,,,,27
680,2305407003001,2305407,FEATURE_01_VALUE_10,FEATURE_02_VALUE_03,False,40.0,FEATURE_05_VALUE_03,5,0.217714731332823,0.20620117763152399,12.1371677,1.4881395279621399,,,93.8,76.3,100.0,100.0,62.4,80.7,21
683,5003256001001,5003256,,FEATURE_02_VALUE_04,False,23.0,FEATURE_05_VALUE_03,5,0.301830655507867,0.309454887480478,9.19773831,5.12610211195407,,,,,,,,,26
685,3134202003005,3134202,FEATURE_01_VALUE_08,FEATURE_02_VALUE_06,False,66.59,FEATURE_05_VALUE_03,6,0.131103034774265,0.127953907528516,40.96765089,2.90323517172636,,,,,,,,,16
715,3157203001001,3157203,,FEATURE_02_VALUE_04,False,26.0,FEATURE_05_VALUE_03,3,0.146770424879702,0.143562512923576,8.33885361,3.3146607444728,,,,,,,,,16
730,5218904001001,5218904,,FEATURE_02_VALUE_06,False,28.0,FEATURE_05_VALUE_03,4,0.262863038682888,0.263695244420228,5.95414589,5.04235578862445,,,,,,,,,3
733,3133808003004,3133808,,FEATURE_02_VALUE_06,False,53.8,FEATURE_05_VALUE_03,7,0.141730364699942,0.137759025489549,39.25149301,1.09345784173291,,,100.0,60.3,100.0,100.0,97.8,92.7,16
750,3522208003007,3522208,FEATURE_01_VALUE_10,FEATURE_02_VALUE_02,False,26.7,FEATURE_05_VALUE_03,4,0.22015772231641398,0.209369771303964,58.07073262,1.79387213279437,FEATURE_11_VALUE_06,FEATURE_12_VALUE_01,,,,,,,19
756,2110005003003,2110005,FEATURE_01_VALUE_10,FEATURE_02_VALUE_06,True,40.0,FEATURE_05_VALUE_03,3,0.184484825547347,0.17984651921319,7.87210505,1.40712285589655,,,96.0,78.1,66.7,100.0,98.5,94.0,17
758,2200202001001,2200202,FEATURE_01_VALUE_10,FEATURE_02_VALUE_02,False,28.75,FEATURE_05_VALUE_03,5,0.16660946237915802,0.159009274228909,6.6777746,5.87889476778366,,,,,,,,,7
771,-1,-1,FEATURE_01_VALUE_10,FEATURE_02_VALUE_03,False,39.06,FEATURE_05_VALUE_03,4,0.196932279616043,0.19458922872895698,332.69338717,2.7562968462796005,,,92.1,96.9,100.0,100.0,93.1,95.2,0
777,3301108001001,3301108,,FEATURE_02_VALUE_06,False,23.81,FEATURE_05_VALUE_03,3,0.148631004781095,0.143118946323435,4.2569601,5.06098486765525,,,,,,,,,4
791,2914653001001,2914653,FEATURE_01_VALUE_10,FEATURE_02_VALUE_02,False,26.0,FEATURE_05_VALUE_03,3,0.137499891173627,0.130946186030302,8.00831979,3.2200933827081,,,,,,,,,10
812,4206900001001,4206900,,FEATURE_02_VALUE_04,False,23.93,FEATURE_05_VALUE_03,3,0.14195755384620298,0.147584887316322,7.79937235,5.43124049532913,,,,,,,,,14
813,4207007003003,4207007,,FEATURE_02_VALUE_02,False,19.42,FEATURE_05_VALUE_03,3,0.146843471983604,0.14636725408537302,21.721207999999997,1.88164455734312,,,,,,,,,14
820,3507902001001,3507902,,FEATURE_02_VALUE_03,False,26.17,FEATURE_05_VALUE_03,3,0.15379469640566198,0.148749626037229,9.63019299,4.2700371493232,,,,,,,,,27
841,3108404001001,3108404,,FEATURE_02_VALUE_04,False,30.0,FEATURE_05_VALUE_03,4,0.17982119782298397,0.17136031741806898,3.77682964,6.52571130253198,,,,,,,,,8
857,4302105003007,4302105,,FEATURE_02_VALUE_04,False,22.25,FEATURE_05_VALUE_05,3,0.10822863403399902,0.10836318603893301,60.2414044,2.64814144606177,,,,,,,,,9
861,2930501003002,2930501,,FEATURE_02_VALUE_04,False,33.0,FEATURE_05_VALUE_03,11,0.152952707693572,0.14032475063951902,20.23879302,2.4016811768237796,,,81.6,73.8,100.0,50.0,76.5,74.7,10
866,5103403005011,5103403,,FEATURE_02_VALUE_03,False,35.1,FEATURE_05_VALUE_05,9,0.196932279616043,0.19458922872895698,332.69338717,2.7562968462796005,,,100.0,97.8,100.0,100.0,76.1,90.9,15
867,3550308005085,3550308,,FEATURE_02_VALUE_06,True,40.45,FEATURE_05_VALUE_06,6,0.19010222782583397,0.179139940969186,5593.905463,2.81588342075523,,,,,,,,,6
868,3531803003001,3531803,FEATURE_01_VALUE_10,FEATURE_02_VALUE_04,False,31.2,FEATURE_05_VALUE_03,3,0.18165982132119599,0.17793854192416197,23.14435256,1.80476095941093,,,,,,,,,19
875,-1,-1,FEATURE_01_VALUE_10,FEATURE_02_VALUE_04,True,31.52,FEATURE_05_VALUE_03,3,0.215966958345941,0.19728680271075,1562.67481722,3.67088303606042,,,58.7,87.3,100.0,50.0,73.1,69.9,0
876,3521002001001,3521002,,FEATURE_02_VALUE_04,False,28.25,FEATURE_05_VALUE_03,2,0.20810473940074697,0.193996955600903,8.82793513,2.9969730572122204,,,,,,,,,19
885,3548500005006,3548500,,FEATURE_02_VALUE_03,False,22.26,FEATURE_05_VALUE_06,7,0.16728186212309398,0.16072041411994198,272.43093506,1.84346239106289,,,,,,,,,6
903,3550308005017,3550308,FEATURE_01_VALUE_10,FEATURE_02_VALUE_03,True,37.54,FEATURE_05_VALUE_03,8,0.19010222782583397,0.179139940969186,5593.905463,2.81588342075523,,,98.4,92.2,100.0,100.0,99.8,98.2,6
907,4209003003001,4209003,FEATURE_01_VALUE_10,FEATURE_02_VALUE_06,False,43.13,FEATURE_05_VALUE_03,11,0.23290331883219298,0.251046598988238,15.24591754,3.4473248758963,,,96.2,75.0,100.0,100.0,100.0,94.9,14
914,3520301003001,3520301,FEATURE_01_VALUE_10,FEATURE_02_VALUE_06,False,26.39,FEATURE_05_VALUE_03,2,0.258555439064463,0.271407846738131,8.77479748,3.29055610398157,,,,,,,,,27
929,2408102004011,2408102,,FEATURE_02_VALUE_03,False,45.87,FEATURE_05_VALUE_05,4,0.17812525200506102,0.17387936240557902,507.85469052,2.6438179489950002,,,68.0,84.5,100.0,100.0,73.0,79.7,12
936,2414407001001,2414407,,FEATURE_02_VALUE_03,False,37.0,FEATURE_05_VALUE_06,6,0.17812525200506102,0.17387936240557902,507.85469052,2.6438179489950002,,,100.0,83.5,100.0,100.0,84.1,91.7,12
938,3516309003002,3516309,,FEATURE_02_VALUE_02,False,29.04,FEATURE_05_VALUE_02,4,0.188875419036427,0.191677597009298,58.52298557,0.594378369382381,,,,,,,,,27
944,1707009001001,1707009,,FEATURE_02_VALUE_02,False,36.48,FEATURE_05_VALUE_03,6,0.195697591187723,0.198950592425878,6.71939553,4.7243350498417405,,,,,,,,,13
950,2910701003002,2910701,,FEATURE_02_VALUE_02,False,28.5,FEATURE_05_VALUE_03,8,0.164844900217686,0.143483467462737,11.33561726,1.63323969425753,,,,,,,,,10
952,5221700001001,5221700,,FEATURE_02_VALUE_06,False,30.0,FEATURE_05_VALUE_03,3,0.262863038682888,0.263695244420228,4.13140478,7.04721634954193,,,,,,,,,3
953,4323002004002,4323002,,FEATURE_02_VALUE_06,False,20.93,FEATURE_05_VALUE_06,5,0.116197735939536,0.117093552085394,99.17480272,1.19058013001135,FEATURE_11_VALUE_01,FEATURE_12_VALUE_02,,,,,,,9
967,2708006003001,2708006,,FEATURE_02_VALUE_06,False,28.3,FEATURE_05_VALUE_03,3,0.24626398221326198,0.23622233267470397,10.82392642,2.09117524048515,FEATURE_11_VALUE_01,FEATURE_12_VALUE_01,,,,,,,22
974,3170206005007,3170206,,FEATURE_02_VALUE_02,False,48.0,FEATURE_05_VALUE_01,8,0.146773165485083,0.137831795844566,316.82227638,1.81169813485677,,,100.0,76.6,100.0,100.0,96.3,94.8,16
975,2613701003005,2613701,,FEATURE_02_VALUE_06,False,32.2,FEATURE_05_VALUE_03,6,0.1242655343867,0.0727125830348488,46.04597716,0.9069143147355441,,,,,,,,,2
1007,3170206005007,3170206,,FEATURE_02_VALUE_02,False,45.0,FEATURE_05_VALUE_03,5,0.146773165485083,0.137831795844566,316.82227638,1.81169813485677,,,,,,,,,16
1008,4307807003002,4307807,FEATURE_01_VALUE_10,FEATURE_02_VALUE_04,False,24.58,FEATURE_05_VALUE_03,3,0.15812826364726298,0.16791597617756798,14.82186689,3.0536215952119203,,,,,,,,,9
1013,4320909001001,4320909,,FEATURE_02_VALUE_04,True,23.09,FEATURE_05_VALUE_03,2,0.14088072116557,0.146975758248988,9.88459387,4.64576074332172,,,74.5,78.1,100.0,100.0,54.1,73.9,9
1025,3530607005004,3530607,,FEATURE_02_VALUE_02,False,45.53,FEATURE_05_VALUE_06,9,0.21676335025073104,0.21158341309842102,168.30354708,1.8839798131563001,,,,,,,,,19
1027,3304557005101,3304557,FEATURE_01_VALUE_10,FEATURE_02_VALUE_03,True,49.69,FEATURE_05_VALUE_05,12,0.0983988290578631,0.0894600495753896,2972.1393031,2.9645042306717797,,,100.0,79.1,66.7,100.0,75.8,86.5,4
1034,3140001003002,3140001,,FEATURE_02_VALUE_04,False,29.55,FEATURE_05_VALUE_03,5,0.12156472357526402,0.11717244166488601,15.88370511,1.7006224278085802,,,100.0,72.8,100.0,100.0,90.6,92.1,16
1036,5208806003001,5208806,,FEATURE_02_VALUE_06,False,31.64,FEATURE_05_VALUE_03,4,0.19089644321124496,0.17942305290278895,13.49482812,2.53267146185797,,,,,,,,,3
1039,2600708003001,2600708,,FEATURE_02_VALUE_02,False,21.5,FEATURE_05_VALUE_03,2,0.14397880903003502,0.16393313807995902,8.49049161,2.61403738073454,,,,,,,,,2
1059,3546801003002,3546801,FEATURE_01_VALUE_10,FEATURE_02_VALUE_03,False,42.01,FEATURE_05_VALUE_03,6,0.208766597327068,0.20454290622445698,18.74988354,1.82063139496777,,,,,,,,,6
1065,3550308005003,3550308,,FEATURE_02_VALUE_03,True,63.27,FEATURE_05_VALUE_03,7,0.19010222782583397,0.179139940969186,5593.905463,2.81588342075523,FEATURE_11_VALUE_06,FEATURE_12_VALUE_02,,,,,,,6
1069,-1,-1,,FEATURE_02_VALUE_02,False,24.72,FEATURE_05_VALUE_03,3,0.0723444423204593,0.0856223284424223,14.80791125,1.9541555116956202,,,,,,,,,0
1073,1504059001001,1504059,,FEATURE_02_VALUE_04,False,31.1,FEATURE_05_VALUE_03,5,0.13800161636664698,0.16083757789913197,10.35737889,3.45315791291136,,,85.0,94.6,0.0,100.0,73.6,82.5,5
1082,3508801001001,3508801,,FEATURE_02_VALUE_04,True,35.26,FEATURE_05_VALUE_03,4,0.186135755002225,0.176453682100464,6.96453454,5.71461226355792,,,,,,,,,27
1089,3525201001001,3525201,,FEATURE_02_VALUE_06,False,28.58,FEATURE_05_VALUE_03,2,0.17845901846104,0.174987368965328,10.39032265,3.63993739307684,,,,,,,,,19
1093,2806701003002,2806701,,FEATURE_02_VALUE_04,False,25.0,FEATURE_05_VALUE_03,2,0.217241399690621,0.19817588349060897,31.42823282,1.1497028018257298,,,100.0,79.2,33.3,100.0,69.7,83.4,18
1094,3515707003008,3515707,,FEATURE_02_VALUE_03,False,47.73,FEATURE_05_VALUE_03,6,0.21676335025073104,0.21158341309842102,60.55207427,1.6242555495397901,,,100.0,84.7,100.0,100.0,76.1,88.7,27
1099,3523503001001,3523503,,FEATURE_02_VALUE_04,False,22.08,FEATURE_05_VALUE_03,3,0.17749983733383104,0.163308408599356,7.20900763,5.06636943965954,,,,,,,,,19
1106,3303302005012,3303302,,FEATURE_02_VALUE_02,False,25.45,FEATURE_05_VALUE_03,4,0.0983988290578631,0.0894600495753896,291.71213557,2.21463430347738,,,,,,,,,4
1109,4208203003005,4208203,FEATURE_01_VALUE_08,FEATURE_02_VALUE_06,False,36.81,FEATURE_05_VALUE_03,9,0.169939584308514,0.18051844262921402,90.90050856,1.94864350054318,,,,,,,,,14
1114,4216602005010,4216602,,FEATURE_02_VALUE_03,False,25.31,FEATURE_05_VALUE_03,16,0.133367965306623,0.132701362310555,130.67202359,1.72184461213298,,,100.0,82.9,100.0,100.0,90.1,93.8,14
1124,3152006003001,3152006,,FEATURE_02_VALUE_04,False,30.07,FEATURE_05_VALUE_03,4,0.24729588548452303,0.245415313909659,8.47137489,3.20738982615947,,,,,,,,,16
1126,3303906005013,3303906,,FEATURE_02_VALUE_04,False,23.5,FEATURE_05_VALUE_05,3,0.0895028255943415,0.0793153901003084,129.67293758,2.68328514600425,,,,,,,,,4
1145,3203908003001,3203908,,FEATURE_02_VALUE_06,False,31.83,FEATURE_05_VALUE_03,2,0.262918373872454,0.232816236764597,13.22767452,1.98830874458186,,,100.0,91.2,33.3,100.0,93.0,93.9,20
1148,3204054001001,3204054,,FEATURE_02_VALUE_06,False,24.96,FEATURE_05_VALUE_03,2,0.22088468592298602,0.199936289799673,8.55088045,3.82731169626454,,,,,,,,,20
1151,2111508003002,2111508,,FEATURE_02_VALUE_06,False,27.5,FEATURE_05_VALUE_03,1,0.149531145868204,0.159541372004647,9.64868823,2.46463252329078,,,,,,,,,17
1153,3154606005016,3154606,,FEATURE_02_VALUE_02,False,41.5,FEATURE_05_VALUE_03,3,0.107871270969554,0.10426105196934801,97.82797923,1.23969887714274,,,,,,,,,16
1156,3552205005005,3552205,,FEATURE_02_VALUE_02,True,63.21,FEATURE_05_VALUE_06,5,0.20810473940074697,0.193996955600903,334.69777355,4.34163049933403,,,,,,,,,6
1164,-1,-1,FEATURE_01_VALUE_10,FEATURE_02_VALUE_06,False,38.22,FEATURE_05_VALUE_03,4,0.14397880903003502,0.16393313807995902,20.01157575,1.8663332151322298,,,,,,,,,0
1173,3137809001001,3137809,FEATURE_01_VALUE_10,FEATURE_02_VALUE_02,False,31.0,FEATURE_05_VALUE_03,2,0.152223429297174,0.14242825243804,4.84673167,4.83769532194862,,,,,,,,,16
1175,2200509001001,2200509,FEATURE_01_VALUE_10,FEATURE_02_VALUE_02,False,29.5,FEATURE_05_VALUE_03,4,0.16660946237915802,0.159009274228909,4.294865,5.776340110905731,,,,,,,,,7
1180,2602209003002,2602209,,FEATURE_02_VALUE_04,True,24.94,FEATURE_05_VALUE_03,3,0.212843329729702,0.22342938409166696,7.14857944,2.5691090329873596,,,100.0,95.0,100.0,100.0,99.7,99.1,2
1186,3540606003001,3540606,FEATURE_01_VALUE_10,FEATURE_02_VALUE_06,False,42.54,FEATURE_05_VALUE_03,6,0.20810473940074697,0.193996955600903,18.40712874,1.9257433369280499,,,,,,,,,6
1196,3507605003005,3507605,FEATURE_01_VALUE_10,FEATURE_02_VALUE_04,False,39.31,FEATURE_05_VALUE_03,6,0.17845901846104,0.174987368965328,75.67797745,3.1120654778576498,,,,,,,,,27
1199,3205002005009,3205002,,FEATURE_02_VALUE_06,True,25.8,FEATURE_05_VALUE_05,5,0.118748745112078,0.110059743182675,231.37366479,4.12051687763713,,,,,,,,,20
1208,5101803003003,5101803,,FEATURE_02_VALUE_06,False,41.67,FEATURE_05_VALUE_03,16,0.312349277067565,0.290219973804577,27.12039406,3.4247748210555202,,,99.1,67.4,33.3,100.0,91.7,89.4,15
1213,4309209005014,4309209,FEATURE_01_VALUE_10,FEATURE_02_VALUE_06,False,30.77,FEATURE_05_VALUE_03,3,0.116197735939536,0.117093552085394,109.41671932,2.2038000859482003,FEATURE_11_VALUE_06,FEATURE_12_VALUE_02,100.0,93.1,0.0,100.0,98.2,94.7,9
1226,3508108001001,3508108,,FEATURE_02_VALUE_04,False,26.2,FEATURE_05_VALUE_03,4,0.14512823140949402,0.136117377522185,7.31900783,6.030271965265629,,,,,,,,,27
1234,3550308005220,3550308,FEATURE_01_VALUE_10,FEATURE_02_VALUE_06,True,46.19,FEATURE_05_VALUE_05,6,0.19010222782583397,0.179139940969186,5593.905463,2.81588342075523,,,97.0,60.0,66.7,100.0,91.8,88.7,6
1246,2606408003004,2606408,,FEATURE_02_VALUE_02,False,32.0,FEATURE_05_VALUE_03,5,0.14626404420929,0.152495377116875,34.20276472,2.44221117800056,,,76.3,87.7,100.0,100.0,97.9,91.6,2
1247,3552205005016,3552205,,FEATURE_02_VALUE_02,True,43.56,FEATURE_05_VALUE_06,7,0.20810473940074697,0.193996955600903,334.69777355,4.34163049933403,,,67.5,81.4,100.0,50.0,39.5,51.8,6
1254,3543402005008,3543402,,FEATURE_02_VALUE_02,True,29.5,FEATURE_05_VALUE_03,2,0.19144279720493104,0.18346116273752,344.88946932,4.80247567621109,,,,,,,,,6
1267,3550308005064,3550308,FEATURE_01_VALUE_10,FEATURE_02_VALUE_02,True,44.57,FEATURE_05_VALUE_05,5,0.19010222782583397,0.179139940969186,5593.905463,2.81588342075523,,,,,,,,,6
1274,2902708003001,2902708,,FEATURE_02_VALUE_04,False,23.63,FEATURE_05_VALUE_03,4,0.173387140306294,0.162525713043278,7.64566802,1.84542703181516,,,,,,,,,10
1279,-1,-1,,FEATURE_02_VALUE_02,False,8.0,FEATURE_05_VALUE_06,4,0.126779222250718,0.121543513648109,61.10841812,2.21959570064313,,,,,,,,,0
1283,3301876001001,3301876,,FEATURE_02_VALUE_06,False,21.11,FEATURE_05_VALUE_03,4,0.12597824352472098,0.12265527954931099,8.73110737,3.8608547932512303,,,,,,,,,4
1287,2101004001001,2101004,,FEATURE_02_VALUE_06,False,26.0,FEATURE_05_VALUE_03,4,0.149758934108066,0.14052727783389002,5.78486836,3.42465753424658,,,,,,,,,17
1292,4311007003001,4311007,,FEATURE_02_VALUE_02,False,25.08,FEATURE_05_VALUE_03,4,0.16122643212427698,0.17345696808668098,9.83400858,3.53232073472271,,,,,,,,,9
1298,4115200004013,4115200,FEATURE_01_VALUE_08,FEATURE_02_VALUE_02,False,53.42,FEATURE_05_VALUE_05,16,0.149256821995988,0.155121866537068,221.80671183,4.27740748848245,,,100.0,78.8,100.0,100.0,86.8,91.9,1
1308,3304557005145,3304557,,FEATURE_02_VALUE_03,True,23.01,FEATURE_05_VALUE_06,5,0.0983988290578631,0.0894600495753896,2972.1393031,2.9645042306717797,,,,,,,,,4
1314,1200203003001,1200203,,FEATURE_02_VALUE_02,False,30.76,FEATURE_05_VALUE_03,9,0.271432373956147,0.25906964771054103,23.1575875,1.22670788405157,,,,,,,,,24
1317,2604106003003,2604106,,FEATURE_02_VALUE_02,False,46.35,FEATURE_05_VALUE_05,13,0.14626404420929,0.152495377116875,163.56762927,2.0167796063246204,,,100.0,91.3,100.0,100.0,72.7,88.6,2
1321,5217104003001,5217104,,FEATURE_02_VALUE_06,False,30.0,FEATURE_05_VALUE_03,2,0.23532826285737,0.226891250215207,6.71533166,4.0368157597287295,,,,,,,,,3
1322,3550308005225,3550308,FEATURE_01_VALUE_10,FEATURE_02_VALUE_03,True,38.57,FEATURE_05_VALUE_06,8,0.19010222782583397,0.179139940969186,5593.905463,2.81588342075523,FEATURE_11_VALUE_06,FEATURE_12_VALUE_02,100.0,85.6,100.0,100.0,100.0,97.7,6
1334,3148103003004,3148103,,FEATURE_02_VALUE_06,False,43.37,FEATURE_05_VALUE_03,6,0.13290797217969502,0.135603824460643,29.72479224,2.2561140691273396,,,,,,,,,16
1335,2102325003001,2102325,,FEATURE_02_VALUE_06,False,24.7,FEATURE_05_VALUE_03,6,0.184484825547347,0.17984651921319,10.87466487,1.42011162077339,,,,,,,,,17
1359,2103208003002,2103208,FEATURE_01_VALUE_08,FEATURE_02_VALUE_02,False,44.7,FEATURE_05_VALUE_03,5,0.10885151050328501,0.11861518251054902,17.51892984,1.2872663611554498,,,85.0,67.7,100.0,100.0,59.3,76.7,17
1360,2105401003001,2105401,,FEATURE_02_VALUE_02,False,31.73,FEATURE_05_VALUE_03,6,0.131249458372504,0.13015293766425698,11.60212534,1.5052759923532,,,,,,,,,17
1361,3550308005138,3550308,,FEATURE_02_VALUE_03,True,29.21,FEATURE_05_VALUE_02,2,0.19010222782583397,0.179139940969186,5593.905463,2.81588342075523,,,,,,,,,6
1374,3147907003004,3147907,FEATURE_01_VALUE_10,FEATURE_02_VALUE_06,False,47.18,FEATURE_05_VALUE_03,6,0.14426770743240303,0.14621661613949602,48.39503343,4.42000671841021,,,,,,,,,16
1382,2908002001001,2908002,,FEATURE_02_VALUE_02,False,22.9,FEATURE_05_VALUE_03,2,0.126779222250718,0.121543513648109,6.45216156,5.05816894284269,,,,,,,,,10
1384,3113206001001,3113206,,FEATURE_02_VALUE_04,False,30.7,FEATURE_05_VALUE_03,3,0.0981270024057738,0.0954534287523893,5.64929971,3.9929723686312095,,,,,,,,,8
1385,2911105001001,2911105,,FEATURE_02_VALUE_06,False,23.5,FEATURE_05_VALUE_03,2,0.217500440586027,0.20470361254021202,5.01003443,3.94135267223711,,,,,,,,,10
1390,3106200005063,3106200,FEATURE_01_VALUE_08,FEATURE_02_VALUE_02,True,43.81,FEATURE_05_VALUE_03,5,0.107871270969554,0.10426105196934801,1264.09381207,3.15677125436104,,,100.0,80.6,100.0,100.0,87.6,92.5,8
1396,2910800004002,2910800,FEATURE_01_VALUE_10,FEATURE_02_VALUE_02,False,63.43,FEATURE_05_VALUE_05,9,0.14705985653789902,0.13863677873888097,222.33668762,1.61935976992136,FEATURE_11_VALUE_02,FEATURE_12_VALUE_02,100.0,81.9,100.0,100.0,96.9,95.9,10
1398,2113009001001,2113009,,FEATURE_02_VALUE_06,False,24.9,FEATURE_05_VALUE_03,2,0.184484825547347,0.17984651921319,5.19170615,3.2344664747549903,,,,,,,,,17
1403,4310801001001,4310801,FEATURE_01_VALUE_08,FEATURE_02_VALUE_04,False,31.44,FEATURE_05_VALUE_03,2,0.140449240676218,0.136630796487754,10.77452095,4.5429765582409605,,,,,,,,,9
1415,3133758001001,3133758,,FEATURE_02_VALUE_06,False,26.1,FEATURE_05_VALUE_03,3,0.14426770743240303,0.14621661613949602,6.75878132,6.29049506196138,,,,,,,,,16
1418,2101400003001,2101400,FEATURE_01_VALUE_10,FEATURE_02_VALUE_06,False,46.0,FEATURE_05_VALUE_03,13,0.24201207102985897,0.234431016088138,28.77333132,2.17051571453377,,,100.0,83.1,33.3,100.0,88.2,90.8,17
1419,3550308005156,3550308,FEATURE_01_VALUE_10,FEATURE_02_VALUE_06,True,34.07,FEATURE_05_VALUE_03,3,0.19010222782583397,0.179139940969186,5593.905463,2.81588342075523,,,,,,,,,6
1421,3538709005007,3538709,,FEATURE_02_VALUE_03,False,38.72,FEATURE_05_VALUE_06,8,0.226762845005806,0.203901727090584,207.51377522,5.620144642086201,,,85.0,64.2,0.0,100.0,77.5,79.3,19
1422,5002704005003,5002704,,FEATURE_02_VALUE_03,False,22.5,FEATURE_05_VALUE_06,4,0.187376319818174,0.19275219707833602,391.76496721,2.4601052925065203,FEATURE_11_VALUE_01,FEATURE_12_VALUE_02,100.0,81.3,100.0,100.0,74.5,87.9,26
1447,2910800004006,2910800,FEATURE_01_VALUE_03,FEATURE_02_VALUE_02,False,15.0,FEATURE_05_VALUE_06,2,0.14705985653789902,0.13863677873888097,222.33668762,1.61935976992136,,,,,,,,,10
1448,3118601005012,3118601,FEATURE_01_VALUE_08,FEATURE_02_VALUE_02,False,33.86,FEATURE_05_VALUE_06,5,0.107871270969554,0.10426105196934801,287.13304984,2.00380414510008,,,,,,,,,8
1452,3550308005006,3550308,,FEATURE_02_VALUE_02,True,39.0,FEATURE_05_VALUE_03,1,0.19010222782583397,0.179139940969186,5593.905463,2.81588342075523,,,,,,,,,6
1460,2927408005008,2927408,FEATURE_01_VALUE_03,FEATURE_02_VALUE_06,True,10.86,FEATURE_05_VALUE_06,1,0.10796294040054699,0.0966270999964763,1355.48660282,4.14229360508605,,,,,,,,,10
1461,-1,-1,,FEATURE_02_VALUE_06,False,49.45,FEATURE_05_VALUE_03,4,0.10564617219074901,0.0955063508604972,74.58831612,2.16466615436234,FEATURE_11_VALUE_02,FEATURE_12_VALUE_01,100.0,70.6,66.7,100.0,95.4,92.5,0
1462,3550308005144,3550308,FEATURE_01_VALUE_10,FEATURE_02_VALUE_02,True,27.0,FEATURE_05_VALUE_06,8,0.19010222782583397,0.179139940969186,5593.905463,2.81588342075523,FEATURE_11_VALUE_06,FEATURE_12_VALUE_01,,,,,,,6
1485,3548807003004,3548807,FEATURE_01_VALUE_10,FEATURE_02_VALUE_06,False,45.32,FEATURE_05_VALUE_03,1,0.19010222782583397,0.179139940969186,104.37999525,5.0625221485344,FEATURE_11_VALUE_01,FEATURE_12_VALUE_02,,,,,,,6
1499,3510401003002,3510401,FEATURE_01_VALUE_10,FEATURE_02_VALUE_06,False,38.92,FEATURE_05_VALUE_03,5,0.226762845005806,0.203901727090584,23.05475988,1.88139674894642,,,,,,,,,27
1500,3169406003001,3169406,FEATURE_01_VALUE_10,FEATURE_02_VALUE_02,False,36.88,FEATURE_05_VALUE_03,3,0.167990698683764,0.16289364280521,16.82921347,1.7652562269413399,,,,,,,,,16
1502,3522208003007,3522208,FEATURE_01_VALUE_10,FEATURE_02_VALUE_02,False,28.93,FEATURE_05_VALUE_03,4,0.22015772231641398,0.209369771303964,58.07073262,1.79387213279437,,,,,,,,,19
1503,2112704003002,2112704,,FEATURE_02_VALUE_02,False,21.31,FEATURE_05_VALUE_03,5,0.131249458372504,0.13015293766425698,7.70596866,1.82332026620476,,,,,,,,,17
1507,3550308005071,3550308,,FEATURE_02_VALUE_02,True,30.45,FEATURE_05_VALUE_06,5,0.19010222782583397,0.179139940969186,5593.905463,2.81588342075523,,,,,,,,,6
1510,2929503003002,2929503,,FEATURE_02_VALUE_06,False,30.0,FEATURE_05_VALUE_03,2,0.163328238612576,0.151976709736958,13.82887262,2.19867200211073,,,,,,,,,10
1518,3550308005064,3550308,,FEATURE_02_VALUE_02,True,39.45,FEATURE_05_VALUE_01,12,0.19010222782583397,0.179139940969186,5593.905463,2.81588342075523,,,100.0,91.3,100.0,100.0,87.1,92.1,6
1523,3556206003005,3556206,,FEATURE_02_VALUE_06,False,31.51,FEATURE_05_VALUE_05,2,0.18165982132119599,0.17793854192416197,64.72888465,2.4946365314573704,,,,,,,,,6
1524,3124104003001,3124104,FEATURE_01_VALUE_10,FEATURE_02_VALUE_06,False,33.03,FEATURE_05_VALUE_03,3,0.107871270969554,0.10426105196934801,17.33818132,1.4879181049875,,,,,,,,,8
1527,3531100003001,3531100,,FEATURE_02_VALUE_03,False,33.24,FEATURE_05_VALUE_03,4,0.18502590110102898,0.180884580988462,18.89303996,1.9050521984302398,,,,,,,,,19
1531,3543402005007,3543402,,FEATURE_02_VALUE_02,True,15.0,FEATURE_05_VALUE_05,6,0.19144279720493104,0.18346116273752,344.88946932,4.80247567621109,,,,,,,,,6
1551,3550308005166,3550308,FEATURE_01_VALUE_10,FEATURE_02_VALUE_03,True,42.53,FEATURE_05_VALUE_03,6,0.19010222782583397,0.179139940969186,5593.905463,2.81588342075523,,,100.0,64.7,100.0,100.0,99.2,93.9,6
1563,5220603001001,5220603,,FEATURE_02_VALUE_04,False,29.1,FEATURE_05_VALUE_03,3,0.20608952061063399,0.203901697636269,4.50895326,4.94242079770672,,,85.0,76.5,100.0,100.0,59.7,78.2,3
1568,2801405001001,2801405,,FEATURE_02_VALUE_04,False,29.9,FEATURE_05_VALUE_03,3,0.368219432301126,0.3700942767327461,5.33536663,4.65462669893875,,,,,,,,,18
1569,4115200004017,4115200,,FEATURE_02_VALUE_02,False,28.61,FEATURE_05_VALUE_06,7,0.149256821995988,0.155121866537068,221.80671183,4.27740748848245,,,,,,,,,1
1570,3525904005006,3525904,,FEATURE_02_VALUE_03,False,32.1,FEATURE_05_VALUE_03,7,0.254780238181455,0.24696395645968303,188.31757217,2.48820590401497,,,,,,,,,19
1574,1504208005002,1504208,FEATURE_01_VALUE_10,FEATURE_02_VALUE_06,False,55.82,FEATURE_05_VALUE_03,5,0.21002069491096698,0.19283580312892198,94.67133016,2.2893336131407795,,,,,,,,,5
1580,5211909003002,5211909,,FEATURE_02_VALUE_02,False,36.7,FEATURE_05_VALUE_03,4,0.21205929966157702,0.19691994180632602,36.21247992,3.1250651055230296,,,,,,,,,3
1595,2105708003001,2105708,,FEATURE_02_VALUE_06,False,28.0,FEATURE_05_VALUE_03,3,0.184484825547347,0.17984651921319,10.24088408,2.04114957544089,,,,,,,,,17
1598,4212205001001,4212205,,FEATURE_02_VALUE_04,False,25.95,FEATURE_05_VALUE_02,2,0.21148289946870003,0.202998281327436,4.23118543,5.32113020805619,,,,,,,,,14
1602,3541703001001,3541703,,FEATURE_02_VALUE_04,False,23.3,FEATURE_05_VALUE_03,2,0.190719321088189,0.16354536846107,5.65751688,7.29820464165815,,,,,,,,,6
1605,-1,-1,,FEATURE_02_VALUE_03,True,42.16,FEATURE_05_VALUE_03,6,0.18165982132119599,0.17793854192416197,589.72783319,4.12336418411508,,,100.0,86.6,100.0,100.0,98.4,97.2,0
1613,2914901001001,2914901,,FEATURE_02_VALUE_02,False,20.14,FEATURE_05_VALUE_03,2,0.126779222250718,0.121543513648109,5.93595489,3.62069589775155,,,,,,,,,10
1623,-1,-1,,FEATURE_02_VALUE_02,True,32.85,FEATURE_05_VALUE_03,3,0.108044703501888,0.10676164476695098,1024.6840934,1.7495168174734,,,,,,,,,0
1624,-1,-1,FEATURE_01_VALUE_10,FEATURE_02_VALUE_06,True,23.0,FEATURE_05_VALUE_03,4,0.10796294040054699,0.0966270999964763,1355.48660282,4.14229360508605,,,,,,,,,0
1626,3501608005010,3501608,,FEATURE_02_VALUE_03,False,24.35,FEATURE_05_VALUE_06,5,0.18165982132119599,0.17793854192416197,133.39061565,4.36068061503039,,,100.0,87.9,0.0,100.0,72.0,84.8,27
1632,3554102003002,3554102,FEATURE_01_VALUE_03,FEATURE_02_VALUE_06,False,15.0,FEATURE_05_VALUE_06,3,0.157930803400635,0.159030009934577,131.69543389,3.63839632720429,,,,,,,,,6
1667,3505302003002,3505302,,FEATURE_02_VALUE_03,False,27.65,FEATURE_05_VALUE_03,3,0.15742464117478502,0.155198700948254,17.75901198,5.506456320035241,,,,,,,,,27
1669,5201108005007,5201108,FEATURE_01_VALUE_03,FEATURE_02_VALUE_06,True,9.0,FEATURE_05_VALUE_06,2,0.17992923349355605,0.17866959160173002,141.9016877,2.182863972103,,,,,,,,,3
1674,3538709005008,3538709,,FEATURE_02_VALUE_03,False,39.15,FEATURE_05_VALUE_02,3,0.226762845005806,0.203901727090584,207.51377522,5.620144642086201,,,,,,,,,19
1685,3101904001001,3101904,,FEATURE_02_VALUE_06,False,30.2,FEATURE_05_VALUE_03,3,0.14426770743240303,0.14621661613949602,5.88182512,5.09424350483953,,,,,,,,,8
1686,3513801005006,3513801,FEATURE_01_VALUE_10,FEATURE_02_VALUE_02,False,55.7,FEATURE_05_VALUE_05,11,0.19010222782583397,0.179139940969186,184.46083229,0.969866255443374,,,97.0,54.4,100.0,100.0,45.0,71.6,27
1696,1302603005008,1302603,FEATURE_01_VALUE_08,FEATURE_02_VALUE_02,True,63.98,FEATURE_05_VALUE_05,12,0.108044703501888,0.10676164476695098,1024.6840934,1.7495168174734,,,99.1,91.4,100.0,100.0,97.4,97.4,29
1708,2414001001001,2414001,,FEATURE_02_VALUE_06,False,22.65,FEATURE_05_VALUE_03,2,0.11067216122072801,0.111616501414083,4.38392359,6.43956468542727,,,,,,,,,12
1724,4314902004029,4314902,,FEATURE_02_VALUE_03,True,24.83,FEATURE_05_VALUE_05,4,0.116197735939536,0.117093552085394,842.4716612999999,3.7240997327450605,,,,,,,,,9
1732,1505064003002,1505064,,FEATURE_02_VALUE_06,False,32.0,FEATURE_05_VALUE_03,8,0.15665757837440697,0.149828025429274,13.80779605,1.41173148867085,,,,,,,,,5
1734,3550308005138,3550308,,FEATURE_02_VALUE_03,True,58.28,FEATURE_05_VALUE_03,7,0.19010222782583397,0.179139940969186,5593.905463,2.81588342075523,,,100.0,91.9,100.0,100.0,98.2,98.0,6
1743,4309209005009,4309209,,FEATURE_02_VALUE_06,False,24.65,FEATURE_05_VALUE_06,4,0.116197735939536,0.117093552085394,109.41671932,2.2038000859482003,,,,,,,,,9
1752,4318705005007,4318705,,FEATURE_02_VALUE_06,False,34.8,FEATURE_05_VALUE_03,5,0.116197735939536,0.117093552085394,106.11390907,3.9409729824407798,FEATURE_11_VALUE_06,FEATURE_12_VALUE_02,,,,,,,9
1754,3550308005149,3550308,,FEATURE_02_VALUE_02,True,33.15,FEATURE_05_VALUE_06,5,0.19010222782583397,0.179139940969186,5593.905463,2.81588342075523,,,,,,,,,6
1757,3550308005167,3550308,,FEATURE_02_VALUE_03,True,33.8,FEATURE_05_VALUE_03,6,0.19010222782583397,0.179139940969186,5593.905463,2.81588342075523,,,80.3,91.5,100.0,50.0,74.4,76.4,6
1760,3170206005008,3170206,,FEATURE_02_VALUE_02,False,30.21,FEATURE_05_VALUE_02,7,0.146773165485083,0.137831795844566,316.82227638,1.81169813485677,,,,,,,,,16
1768,4110706003003,4110706,,FEATURE_02_VALUE_04,False,47.53,FEATURE_05_VALUE_03,7,0.20656629714961,0.20807983282401896,18.81742824,3.34963488979701,,,100.0,75.3,100.0,100.0,97.6,95.1,1
1774,3205002005009,3205002,,FEATURE_02_VALUE_06,True,22.2,FEATURE_05_VALUE_06,3,0.118748745112078,0.110059743182675,231.37366479,4.12051687763713,,,,,,,,,20
1787,3550308005030,3550308,,FEATURE_02_VALUE_03,True,37.22,FEATURE_05_VALUE_06,6,0.19010222782583397,0.179139940969186,5593.905463,2.81588342075523,,,,,,,,,6
1788,2501807003001,2501807,FEATURE_01_VALUE_10,FEATURE_02_VALUE_04,False,22.3,FEATURE_05_VALUE_07,3,0.101557578651284,0.0564022527312486,36.73669187,2.0802995631370904,,,,,,,,,23
1789,3205002005009,3205002,,FEATURE_02_VALUE_06,True,36.85,FEATURE_05_VALUE_03,4,0.118748745112078,0.110059743182675,231.37366479,4.12051687763713,,,,,,,,,20
1794,3204351001001,3204351,FEATURE_01_VALUE_03,FEATURE_02_VALUE_06,False,6.97,FEATURE_05_VALUE_06,3,0.17026722178489498,0.163165190161227,3.84535392,5.21349251863824,,,,,,,,,20
1795,2902906003002,2902906,,FEATURE_02_VALUE_02,False,29.38,FEATURE_05_VALUE_03,2,0.134654243381425,0.131481348728959,7.43005036,2.8691934697156602,,,,,,,,,10
1799,3530706003007,3530706,FEATURE_01_VALUE_08,FEATURE_02_VALUE_03,False,53.77,FEATURE_05_VALUE_06,6,0.15808907565882901,0.157177795331244,66.9130537,2.71678224311126,,,,,,,,,19
1808,5101407001001,5101407,,FEATURE_02_VALUE_04,False,25.0,FEATURE_05_VALUE_03,5,0.231599270139751,0.20177068831284697,7.17204035,9.6819480079392,,,,,,,,,15
1809,-1,-1,,FEATURE_02_VALUE_03,False,27.93,FEATURE_05_VALUE_06,6,0.16728186212309398,0.16072041411994198,153.08284286,1.40630361532533,,,,,,,,,0
1811,5008305003004,5008305,,FEATURE_02_VALUE_02,False,36.3,FEATURE_05_VALUE_03,6,0.22039762288819,0.253894830995901,66.37661326,5.28080690729543,,,,,,,,,26
1819,3120904003001,3120904,FEATURE_01_VALUE_10,FEATURE_02_VALUE_04,False,59.39,FEATURE_05_VALUE_03,12,0.22775052117588396,0.20736537463062,23.28655272,3.80228136882129,,,96.2,84.7,100.0,100.0,99.4,96.3,8
1824,2920106001001,2920106,,FEATURE_02_VALUE_04,False,27.37,FEATURE_05_VALUE_03,3,0.10792849346691999,0.10760614878508,4.53020673,4.97586704483256,,,,,,,,,10
1835,2708600003002,2708600,FEATURE_01_VALUE_10,FEATURE_02_VALUE_04,False,29.5,FEATURE_05_VALUE_03,3,0.19125211700342604,0.194069599927863,22.08703859,3.3036554948049996,,,84.1,84.6,100.0,100.0,72.8,76.2,22
1842,1721000005002,1721000,FEATURE_01_VALUE_10,FEATURE_02_VALUE_02,True,64.73,FEATURE_05_VALUE_05,14,0.20752547301858604,0.19474879221403402,152.04004108,2.20001026671458,,,100.0,90.0,100.0,100.0,76.3,89.5,13
1843,2501005001001,2501005,,FEATURE_02_VALUE_02,False,24.3,FEATURE_05_VALUE_02,2,0.15492065516454098,0.16157092423223499,4.42547521,4.987282429804,,,,,,,,,23
1851,2802908003004,2802908,FEATURE_01_VALUE_03,FEATURE_02_VALUE_04,True,7.92,FEATURE_05_VALUE_06,4,0.272391323821779,0.26751235783391897,34.12124984,4.27478305475997,,,,,,,,,18
1853,2111300005014,2111300,FEATURE_01_VALUE_10,FEATURE_02_VALUE_03,False,33.0,FEATURE_05_VALUE_05,4,0.164088694749955,0.16478971361925399,507.68059102,2.14174037823135,,,,,,,,,17
1858,5102504003004,5102504,FEATURE_01_VALUE_03,FEATURE_02_VALUE_06,False,12.48,FEATURE_05_VALUE_06,3,0.277301491728421,0.272640958838189,31.69080831,2.20950529176517,,,,,,,,,15
1861,2408102004011,2408102,FEATURE_01_VALUE_03,FEATURE_02_VALUE_03,False,17.5,FEATURE_05_VALUE_06,4,0.17812525200506102,0.17387936240557902,507.85469052,2.6438179489950002,,,,,,,,,12
1862,3506607003001,3506607,FEATURE_01_VALUE_10,FEATURE_02_VALUE_02,False,38.09,FEATURE_05_VALUE_03,4,0.21676335025073104,0.21158341309842102,9.13290777,6.418897233455289,,,,,,,,,27
1863,2704302004011,2704302,FEATURE_01_VALUE_08,FEATURE_02_VALUE_03,False,33.4,FEATURE_05_VALUE_05,7,0.18825544276392497,0.19117935727112195,461.35374554,3.45244941421798,FEATURE_11_VALUE_01,FEATURE_12_VALUE_01,100.0,89.2,100.0,100.0,99.9,98.2,22
1869,-1,-1,,FEATURE_02_VALUE_06,False,27.45,FEATURE_05_VALUE_03,2,0.219668205922972,0.214175535650863,7.66780288,9.49352067214126,,,,,,,,,0
1872,4204202003009,4204202,,FEATURE_02_VALUE_06,False,27.72,FEATURE_05_VALUE_06,4,0.20103299819073497,0.21298497779171602,91.06040434,3.88736363857237,,,,,,,,,14
1874,3127701005012,3127701,,FEATURE_02_VALUE_06,False,35.4,FEATURE_05_VALUE_03,4,0.179198298159682,0.18571914671907,91.33986882,2.5147020257721002,,,,,,,,,8
1882,3535200001001,3535200,,FEATURE_02_VALUE_06,False,30.78,FEATURE_05_VALUE_03,2,0.17458673967363902,0.17592674785708398,3.29131759,10.421008753647401,,,,,,,,,19
1885,3515004005001,3515004,,FEATURE_02_VALUE_02,False,33.17,FEATURE_05_VALUE_03,6,0.22015772231641398,0.209369771303964,98.35329471,1.90999346782234,FEATURE_11_VALUE_06,FEATURE_12_VALUE_01,,,,,,,27
1890,3550308005220,3550308,,FEATURE_02_VALUE_03,True,42.25,FEATURE_05_VALUE_03,3,0.19010222782583397,0.179139940969186,5593.905463,2.81588342075523,,,,,,,,,6
1896,3548708005005,3548708,FEATURE_01_VALUE_03,FEATURE_02_VALUE_03,True,10.83,FEATURE_05_VALUE_06,5,0.19010222782583397,0.179139940969186,374.34233659,2.69302567555161,,,,,,,,,6
1899,3303856001001,3303856,,FEATURE_02_VALUE_04,False,21.29,FEATURE_05_VALUE_03,2,0.16683924926982402,0.158393968662814,5.07255929,3.7288388395853502,FEATURE_11_VALUE_06,FEATURE_12_VALUE_02,,,,,,,4
1901,3509502005025,3509502,,FEATURE_02_VALUE_03,True,32.77,FEATURE_05_VALUE_03,2,0.18165982132119599,0.17793854192416197,589.72783319,4.12336418411508,,,,,,,,,27
1918,2403251005001,2403251,FEATURE_01_VALUE_10,FEATURE_02_VALUE_03,False,36.0,FEATURE_05_VALUE_03,81,0.17812525200506102,0.17387936240557902,152.89450532,2.06284243184369,,,98.1,88.8,83.3,100.0,87.4,88.8,12
1919,3550308005037,3550308,,FEATURE_02_VALUE_02,True,31.96,FEATURE_05_VALUE_03,5,0.19010222782583397,0.179139940969186,5593.905463,2.81588342075523,,,,,,,,,6
1927,3541406005002,3541406,,FEATURE_02_VALUE_02,False,46.31,FEATURE_05_VALUE_05,6,0.205248505636395,0.196880148618927,116.94231404,4.05055087491899,FEATURE_11_VALUE_02,FEATURE_12_VALUE_01,100.0,90.7,0.0,100.0,97.5,94.4,6
1930,3106200005028,3106200,,FEATURE_02_VALUE_02,True,30.26,FEATURE_05_VALUE_03,3,0.107871270969554,0.10426105196934801,1264.09381207,3.15677125436104,,,,,,,,,8
1933,2411205003002,2411205,,FEATURE_02_VALUE_06,False,36.2,FEATURE_05_VALUE_03,4,0.11067216122072801,0.111616501414083,13.40707827,5.138218065974719,,,,,,,,,12
1944,3549904005004,3549904,,FEATURE_02_VALUE_02,False,28.65,FEATURE_05_VALUE_06,4,0.157930803400635,0.159030009934577,296.82883547,3.7757933885857797,,,,,,,,,6
1949,4106902005050,4106902,,FEATURE_02_VALUE_03,True,30.75,FEATURE_05_VALUE_03,7,0.168921519796663,0.16765931392066,921.24100938,3.93752111761748,,,,,,,,,1
1982,5300108005017,5300108,,FEATURE_02_VALUE_06,True,26.35,FEATURE_05_VALUE_06,9,0.215966958345941,0.19728680271075,1562.67481722,3.67088303606042,,,,,,,,,25
1984,3509502005026,3509502,,FEATURE_02_VALUE_03,True,40.38,FEATURE_05_VALUE_05,5,0.18165982132119599,0.17793854192416197,589.72783319,4.12336418411508,,,100.0,81.7,100.0,100.0,97.2,96.2,27
1986,4128104003002,4128104,,FEATURE_02_VALUE_06,False,26.53,FEATURE_05_VALUE_06,5,0.23814256134757397,0.239869785200135,50.063559399999995,2.77218207691881,,,,,,,,,1
1990,4209300003006,4209300,,FEATURE_02_VALUE_06,False,20.2,FEATURE_05_VALUE_06,2,0.184361501355198,0.18853311577008602,67.73173817,4.4099488445934005,,,,,,,,,14
1992,3541406005005,3541406,FEATURE_01_VALUE_03,FEATURE_02_VALUE_02,False,11.0,FEATURE_05_VALUE_06,6,0.205248505636395,0.196880148618927,116.94231404,4.05055087491899,,,,,,,,,6
2009,2704302004022,2704302,,FEATURE_02_VALUE_03,False,35.25,FEATURE_05_VALUE_06,6,0.18825544276392497,0.19117935727112195,461.35374554,3.45244941421798,,,87.4,85.5,100.0,100.0,94.3,92.6,22
2015,5300108005041,5300108,FEATURE_01_VALUE_08,FEATURE_02_VALUE_04,True,30.1,FEATURE_05_VALUE_03,3,0.215966958345941,0.19728680271075,1562.67481722,3.67088303606042,,,,,,,,,25
2018,3170404003001,3170404,,FEATURE_02_VALUE_04,False,12.0,FEATURE_05_VALUE_06,3,0.23455370861330302,0.23028970073455302,21.4020779,2.41292361890284,,,,,,,,,16
2020,3516200005019,3516200,,FEATURE_02_VALUE_03,False,46.05,FEATURE_05_VALUE_03,5,0.16976826935373998,0.17519799119341198,160.16670326,1.7538116172481497,FEATURE_11_VALUE_07,FEATURE_12_VALUE_01,,,,,,,27
2028,3550308005265,3550308,,FEATURE_02_VALUE_03,True,27.6,FEATURE_05_VALUE_06,10,0.19010222782583397,0.179139940969186,5593.905463,2.81588342075523,,,99.5,95.8,100.0,100.0,63.0,85.8,6
2040,3502507003001,3502507,,FEATURE_02_VALUE_02,False,30.18,FEATURE_05_VALUE_03,6,0.17948195688031604,0.17305675913351998,15.74429848,11.044537095838999,FEATURE_11_VALUE_01,FEATURE_12_VALUE_02,,,,,,,27
2046,3304557005102,3304557,,FEATURE_02_VALUE_03,True,34.28,FEATURE_05_VALUE_05,6,0.0983988290578631,0.0894600495753896,2972.1393031,2.9645042306717797,,,77.0,95.4,66.7,50.0,100.0,83.9,4
2050,5208707005015,5208707,,FEATURE_02_VALUE_03,False,23.18,FEATURE_05_VALUE_06,7,0.19089644321124496,0.17942305290278895,661.41587319,2.7958400695604997,,,,,,,,,3
2066,3303500005007,3303500,,FEATURE_02_VALUE_02,False,25.02,FEATURE_05_VALUE_03,2,0.0983988290578631,0.0894600495753896,230.99996701,1.7337633066333797,,,,,,,,,4
2068,2301604001001,2301604,,FEATURE_02_VALUE_02,False,25.54,FEATURE_05_VALUE_03,1,0.18471753800042498,0.161636695260014,4.82074433,4.32413733460175,,,,,,,,,21
2070,4202404005011,4202404,FEATURE_01_VALUE_10,FEATURE_02_VALUE_03,False,69.39,FEATURE_05_VALUE_05,12,0.133753965158954,0.134263945143455,185.64038419,4.7214910468725995,,,,,,,,,14
2072,3550308005202,3550308,FEATURE_01_VALUE_10,FEATURE_02_VALUE_03,True,44.97,FEATURE_05_VALUE_03,5,0.19010222782583397,0.179139940969186,5593.905463,2.81588342075523,,,,,,,,,6
2074,3520905001001,3520905,,FEATURE_02_VALUE_02,False,31.47,FEATURE_05_VALUE_03,2,0.167444484347312,0.15259561510237699,5.58513569,6.85918101378695,,,,,,,,,27
2091,2301703001001,2301703,,FEATURE_02_VALUE_02,False,26.26,FEATURE_05_VALUE_03,2,0.22532282277584698,0.205419143753835,4.55634369,4.06471018616373,,,,,,,,,21
2096,3154606005008,3154606,,FEATURE_02_VALUE_02,False,39.5,FEATURE_05_VALUE_03,3,0.107871270969554,0.10426105196934801,97.82797923,1.23969887714274,,,,,,,,,16
2111,2602902003006,2602902,FEATURE_01_VALUE_10,FEATURE_02_VALUE_06,False,50.0,FEATURE_05_VALUE_05,9,0.15688018280193697,0.18448233397776898,85.11565363,2.9918322978269303,,,,,,,,,2
2116,5208707005039,5208707,,FEATURE_02_VALUE_03,False,28.0,FEATURE_05_VALUE_06,5,0.19089644321124496,0.17942305290278895,661.41587319,2.7958400695604997,,,100.0,75.0,100.0,100.0,95.6,94.6,3
2120,4202404005005,4202404,,FEATURE_02_VALUE_03,False,21.16,FEATURE_05_VALUE_03,5,0.133753965158954,0.134263945143455,185.64038419,4.7214910468725995,,,,,,,,,14
2121,-1,-1,FEATURE_01_VALUE_08,FEATURE_02_VALUE_03,False,58.51,FEATURE_05_VALUE_05,6,0.19089644321124496,0.17942305290278895,214.68050035,1.34122741468836,,,,,,,,,0
2128,4113700005005,4113700,FEATURE_01_VALUE_03,FEATURE_02_VALUE_02,False,11.3,FEATURE_05_VALUE_06,3,0.198418796959021,0.199365039174852,257.07080942,2.73598310256836,,,,,,,,,1
2132,5300108005006,5300108,FEATURE_01_VALUE_10,FEATURE_02_VALUE_03,True,61.5,FEATURE_05_VALUE_05,29,0.215966958345941,0.19728680271075,1562.67481722,3.67088303606042,,,,,,,,,25
2136,3106200005020,3106200,FEATURE_01_VALUE_10,FEATURE_02_VALUE_03,True,57.79,FEATURE_05_VALUE_05,17,0.107871270969554,0.10426105196934801,1264.09381207,3.15677125436104,,,,,,,,,8
2139,4209102005008,4209102,,FEATURE_02_VALUE_03,False,21.5,FEATURE_05_VALUE_06,21,0.146729639879962,0.15623974713747302,283.94443252,1.4231051799249699,,,,,,,,,14
2152,3106200005055,3106200,,FEATURE_02_VALUE_03,True,42.0,FEATURE_05_VALUE_05,9,0.107871270969554,0.10426105196934801,1264.09381207,3.15677125436104,,,,,,,,,8
2153,3106200005008,3106200,,FEATURE_02_VALUE_03,True,29.0,FEATURE_05_VALUE_03,4,0.107871270969554,0.10426105196934801,1264.09381207,3.15677125436104,,,,,,,,,8
2163,3106200005009,3106200,FEATURE_01_VALUE_08,FEATURE_02_VALUE_03,True,47.07,FEATURE_05_VALUE_05,10,0.107871270969554,0.10426105196934801,1264.09381207,3.15677125436104,,,98.8,82.6,100.0,100.0,78.5,79.8,8
2165,2800308005007,2800308,FEATURE_01_VALUE_10,FEATURE_02_VALUE_03,False,29.5,FEATURE_05_VALUE_06,10,0.217241399690621,0.19817588349060897,364.05344526,3.1608359778994304,,,,,,,,,18
2166,2800308005005,2800308,,FEATURE_02_VALUE_03,False,45.44,FEATURE_05_VALUE_05,13,0.217241399690621,0.19817588349060897,364.05344526,3.1608359778994304,,,,,,,,,18
2171,2800308005010,2800308,FEATURE_01_VALUE_10,FEATURE_02_VALUE_03,False,70.0,FEATURE_05_VALUE_03,15,0.217241399690621,0.19817588349060897,364.05344526,3.1608359778994304,,,,,,,,,18
2173,3518800005002,3518800,,FEATURE_02_VALUE_03,False,29.54,FEATURE_05_VALUE_01,5,0.208766597327068,0.20454290622445698,551.93508231,1.1322626154813502,,,,,,,,,27
2177,4106902005053,4106902,FEATURE_01_VALUE_08,FEATURE_02_VALUE_03,True,77.03,FEATURE_05_VALUE_03,14,0.168921519796663,0.16765931392066,921.24100938,3.93752111761748,,,,,,,,,1
2181,4106902005014,4106902,FEATURE_01_VALUE_03,FEATURE_02_VALUE_03,True,13.2,FEATURE_05_VALUE_06,8,0.168921519796663,0.16765931392066,921.24100938,3.93752111761748,,,,,,,,,1
2193,4106902005053,4106902,,FEATURE_02_VALUE_03,True,43.86,FEATURE_05_VALUE_03,6,0.168921519796663,0.16765931392066,921.24100938,3.93752111761748,,,,,,,,,1
2195,4106902005053,4106902,,FEATURE_02_VALUE_03,True,60.21,FEATURE_05_VALUE_03,6,0.168921519796663,0.16765931392066,921.24100938,3.93752111761748,,,,,,,,,1
2201,3550308005042,3550308,FEATURE_01_VALUE_08,FEATURE_02_VALUE_02,True,49.01,FEATURE_05_VALUE_05,5,0.19010222782583397,0.179139940969186,5593.905463,2.81588342075523,FEATURE_11_VALUE_01,FEATURE_12_VALUE_01,100.0,94.7,100.0,100.0,71.4,88.7,6
2207,4106902005016,4106902,,FEATURE_02_VALUE_03,True,31.32,FEATURE_05_VALUE_06,7,0.168921519796663,0.16765931392066,921.24100938,3.93752111761748,,,,,,,,,1
2223,1600600003003,1600600,,FEATURE_02_VALUE_02,True,24.32,FEATURE_05_VALUE_06,6,0.10761919863155,0.10308254735258698,54.67194397,2.67336790889162,FEATURE_11_VALUE_01,FEATURE_12_VALUE_01,,,,,,,28
2236,3550308005259,3550308,,FEATURE_02_VALUE_03,True,23.15,FEATURE_05_VALUE_06,13,0.19010222782583397,0.179139940969186,5593.905463,2.81588342075523,,,100.0,95.2,50.0,100.0,97.3,96.5,6
2240,4215802003002,4215802,FEATURE_01_VALUE_03,FEATURE_02_VALUE_04,False,8.0,FEATURE_05_VALUE_06,1,0.18968825724498997,0.19743535553860697,35.32046097,2.47108826727291,,,,,,,,,14
2241,2602902003004,2602902,FEATURE_01_VALUE_10,FEATURE_02_VALUE_06,False,29.5,FEATURE_05_VALUE_03,5,0.15688018280193697,0.18448233397776898,85.11565363,2.9918322978269303,,,,,,,,,2
2250,3550308005077,3550308,,FEATURE_02_VALUE_02,True,32.72,FEATURE_05_VALUE_02,6,0.19010222782583397,0.179139940969186,5593.905463,2.81588342075523,,,,,,,,,6
2262,3550605003003,3550605,,FEATURE_02_VALUE_04,False,25.27,FEATURE_05_VALUE_03,4,0.20810473940074697,0.193996955600903,38.7684584,4.62347569785586,,,,,,,,,6
2277,3550308005212,3550308,,FEATURE_02_VALUE_03,True,42.4,FEATURE_05_VALUE_03,4,0.19010222782583397,0.179139940969186,5593.905463,2.81588342075523,FEATURE_11_VALUE_07,FEATURE_12_VALUE_01,,,,,,,6
2283,3108552001001,3108552,,FEATURE_02_VALUE_04,False,25.61,FEATURE_05_VALUE_03,3,0.19919527696089898,0.19662038130280698,4.05375719,6.35849176575316,,,,,,,,,8
2284,3106200005035,3106200,,FEATURE_02_VALUE_03,True,28.63,FEATURE_05_VALUE_03,27,0.107871270969554,0.10426105196934801,1264.09381207,3.15677125436104,,,,,,,,,8
2294,4104808005015,4104808,,FEATURE_02_VALUE_06,True,31.67,FEATURE_05_VALUE_06,2,0.150747203241422,0.15963980073835402,137.2950543,1.9182934861147498,,,,,,,,,1
2296,3523107005002,3523107,,FEATURE_02_VALUE_03,False,20.27,FEATURE_05_VALUE_06,6,0.21676335025073104,0.21158341309842102,105.25478381,1.9841213602002299,,,,,,,,,19
2306,-1,-1,FEATURE_01_VALUE_03,FEATURE_02_VALUE_06,False,14.01,FEATURE_05_VALUE_06,4,0.19978112288034,0.19395683131759398,64.10649649,2.3504110281285397,,,,,,,,,0
2321,3170206005016,3170206,,FEATURE_02_VALUE_02,False,69.13,FEATURE_05_VALUE_05,9,0.146773165485083,0.137831795844566,316.82227638,1.81169813485677,,,100.0,93.1,100.0,100.0,95.8,97.3,16
2334,4119400001001,4119400,FEATURE_01_VALUE_10,FEATURE_02_VALUE_06,False,42.8,FEATURE_05_VALUE_03,2,0.23024305006689103,0.23545989203094603,4.81995699,8.0150683284575,,,,,,,,,1
2337,2406502001001,2406502,,FEATURE_02_VALUE_04,False,23.2,FEATURE_05_VALUE_03,3,0.258989604064258,0.251017079783423,3.01135341,6.547073458164201,,,,,,,,,12
2341,2610707003010,2610707,,FEATURE_02_VALUE_02,False,26.1,FEATURE_05_VALUE_03,3,0.1242655343867,0.0727125830348488,148.31820845,1.23942614569454,,,,,,,,,2
2347,4118204003005,4118204,FEATURE_01_VALUE_10,FEATURE_02_VALUE_06,False,48.93,FEATURE_05_VALUE_03,5,0.223646938710778,0.24786506586551,55.39496178,5.973715651135009,,,,,,,,,1
2367,4322707003001,4322707,FEATURE_01_VALUE_03,FEATURE_02_VALUE_04,True,12.25,FEATURE_05_VALUE_06,3,0.172953691320928,0.186006674820383,6.15849774,3.8910505836575897,,,,,,,,,9
2368,5212501003003,5212501,,FEATURE_02_VALUE_06,False,30.55,FEATURE_05_VALUE_05,7,0.207150935969518,0.213091115220355,52.88784408,1.03072062832729,,,100.0,82.6,100.0,100.0,91.2,94.1,3
2376,-1,-1,,FEATURE_02_VALUE_02,False,53.47,FEATURE_05_VALUE_03,12,0.157930803400635,0.159030009934577,296.82883547,3.7757933885857797,,,88.0,88.6,0.0,100.0,91.2,89.0,0
2379,2702900003002,2702900,,FEATURE_02_VALUE_06,False,27.93,FEATURE_05_VALUE_03,2,0.24626398221326198,0.23622233267470397,3.88921028,2.46797798563637,,,,,,,,,22
2380,3303302005010,3303302,,FEATURE_02_VALUE_02,False,31.04,FEATURE_05_VALUE_03,3,0.0983988290578631,0.0894600495753896,291.71213557,2.21463430347738,,,,,,,,,4
2382,3106200005008,3106200,FEATURE_01_VALUE_10,FEATURE_02_VALUE_03,True,40.75,FEATURE_05_VALUE_03,7,0.107871270969554,0.10426105196934801,1264.09381207,3.15677125436104,,,,,,,,,8
2386,3543402005008,3543402,,FEATURE_02_VALUE_02,True,51.21,FEATURE_05_VALUE_03,2,0.19144279720493104,0.18346116273752,344.88946932,4.80247567621109,,,,,,,,,6
2388,3305802003009,3305802,,FEATURE_02_VALUE_02,False,23.68,FEATURE_05_VALUE_03,6,0.0895028255943415,0.0793153901003084,51.68881926,4.04483993990524,FEATURE_11_VALUE_02,FEATURE_12_VALUE_02,,,,,,,4
2390,2905701005006,2905701,,FEATURE_02_VALUE_06,True,39.34,FEATURE_05_VALUE_03,4,0.10796294040054699,0.0966270999964763,106.56182836,2.43971295034487,,,,,,,,,10
2403,-1,-1,,FEATURE_02_VALUE_03,False,44.44,FEATURE_05_VALUE_05,6,0.14391673644868302,0.144631783912435,201.53011522,3.26982604525439,,,100.0,72.3,100.0,100.0,96.8,94.6,0
2410,2918001003007,2918001,,FEATURE_02_VALUE_02,False,28.0,FEATURE_05_VALUE_02,2,0.123647601856241,0.11390467967644198,57.1472696,1.85726313704126,,,,,,,,,10
2416,-1,-1,FEATURE_01_VALUE_03,FEATURE_02_VALUE_06,False,12.0,FEATURE_05_VALUE_06,3,0.214434663070268,0.21756776155306398,46.76668811,5.4777712044523295,,,,,,,,,0
2420,4314902004005,4314902,FEATURE_01_VALUE_10,FEATURE_02_VALUE_06,True,32.53,FEATURE_05_VALUE_03,5,0.116197735939536,0.117093552085394,842.4716612999999,3.7240997327450605,,,,,,,,,9
2423,4314902004022,4314902,,FEATURE_02_VALUE_06,True,19.57,FEATURE_05_VALUE_06,5,0.116197735939536,0.117093552085394,842.4716612999999,3.7240997327450605,,,,,,,,,9
2426,4216602005012,4216602,,FEATURE_02_VALUE_03,False,44.11,FEATURE_05_VALUE_05,38,0.133367965306623,0.132701362310555,130.67202359,1.72184461213298,,,100.0,77.6,100.0,100.0,95.4,93.8,14
2436,3543402005011,3543402,FEATURE_01_VALUE_03,FEATURE_02_VALUE_02,True,14.75,FEATURE_05_VALUE_06,2,0.19144279720493104,0.18346116273752,344.88946932,4.80247567621109,,,,,,,,,6
2451,4317301003002,4317301,,FEATURE_02_VALUE_02,False,26.97,FEATURE_05_VALUE_06,6,0.171106774162212,0.17997676771848298,9.73299547,3.18106629342156,,,,,,,,,9
2452,2408102004012,2408102,FEATURE_01_VALUE_08,FEATURE_02_VALUE_03,False,30.8,FEATURE_05_VALUE_02,3,0.17812525200506102,0.17387936240557902,507.85469052,2.6438179489950002,,,,,,,,,12
2454,4317509003003,4317509,,FEATURE_02_VALUE_04,False,21.54,FEATURE_05_VALUE_03,2,0.178109246912071,0.178121010483678,33.41792773,2.532414910859,FEATURE_11_VALUE_02,FEATURE_12_VALUE_02,,,,,,,9
2461,3304557005108,3304557,,FEATURE_02_VALUE_06,True,35.07,FEATURE_05_VALUE_03,9,0.0983988290578631,0.0894600495753896,2972.1393031,2.9645042306717797,,,,,,,,,4
2463,4113700005003,4113700,,FEATURE_02_VALUE_02,False,88.15,FEATURE_05_VALUE_05,8,0.198418796959021,0.199365039174852,257.07080942,2.73598310256836,,,,,,,,,1
2464,4108304003005,4108304,,FEATURE_02_VALUE_06,False,25.66,FEATURE_05_VALUE_06,3,0.22692639016740299,0.24025297513172303,86.77401425,3.0328073939844304,,,,,,,,,1
2469,2807600001001,2807600,,FEATURE_02_VALUE_04,False,25.0,FEATURE_05_VALUE_03,3,0.18688858857237697,0.17713642124175102,6.08259597,8.14829904257486,,,100.0,86.9,100.0,100.0,99.7,97.9,18
3390,-1,-1,FEATURE_01_VALUE_10,FEATURE_02_VALUE_03,True,24.61,FEATURE_05_VALUE_06,11,0.10796294040054699,0.0966270999964763,1355.48660282,4.14229360508605,,,,,,,,,0
2481,3550308005309,3550308,,FEATURE_02_VALUE_02,True,35.53,FEATURE_05_VALUE_03,4,0.19010222782583397,0.179139940969186,5593.905463,2.81588342075523,,,,,,,,,6
2487,3554102003011,3554102,,FEATURE_02_VALUE_06,False,40.73,FEATURE_05_VALUE_05,3,0.157930803400635,0.159030009934577,131.69543389,3.63839632720429,,,,,,,,,6
2488,2304400005010,2304400,,FEATURE_02_VALUE_03,False,31.0,FEATURE_05_VALUE_03,4,0.153550286877697,0.141161202893031,1206.04990419,2.27694787101515,,,88.0,90.3,100.0,100.0,57.4,80.7,21
2494,-1,-1,,FEATURE_02_VALUE_03,False,30.0,FEATURE_05_VALUE_05,6,0.153550286877697,0.141161202893031,1206.04990419,2.27694787101515,,,,,,,,,0
2504,-1,-1,,FEATURE_02_VALUE_03,False,34.15,FEATURE_05_VALUE_03,9,0.153550286877697,0.141161202893031,1206.04990419,2.27694787101515,,,,,,,,,0
2513,4119152003004,4119152,FEATURE_01_VALUE_03,FEATURE_02_VALUE_04,False,13.35,FEATURE_05_VALUE_06,5,0.168921519796663,0.16765931392066,56.54973872,4.72273603841159,,,,,,,,,1
2527,3165537001001,3165537,FEATURE_01_VALUE_03,FEATURE_02_VALUE_06,False,9.0,FEATURE_05_VALUE_06,3,0.107871270969554,0.10426105196934801,11.2650933,3.3457124694703704,,,,,,,,,16
2535,-1,-1,,FEATURE_02_VALUE_03,True,40.3,FEATURE_05_VALUE_06,5,0.0983988290578631,0.0894600495753896,2972.1393031,2.9645042306717797,,,,,,,,,0
2537,3529401005001,3529401,,FEATURE_02_VALUE_02,False,65.11,FEATURE_05_VALUE_05,8,0.19010222782583397,0.179139940969186,206.98475015,1.32366761823661,,,,,,,,,19
2543,2701308001001,2701308,FEATURE_01_VALUE_03,FEATURE_02_VALUE_06,False,8.37,FEATURE_05_VALUE_06,2,0.20149016080600102,0.207083844202094,5.33819578,4.68274408803559,,,,,,,,,22
2550,3550308005230,3550308,,FEATURE_02_VALUE_03,True,47.43,FEATURE_05_VALUE_03,3,0.19010222782583397,0.179139940969186,5593.905463,2.81588342075523,,,,,,,,,6
2562,4106902005009,4106902,FEATURE_01_VALUE_03,FEATURE_02_VALUE_03,True,13.77,FEATURE_05_VALUE_06,5,0.168921519796663,0.16765931392066,921.24100938,3.93752111761748,,,,,,,,,1
2564,2308005003001,2308005,,FEATURE_02_VALUE_04,False,24.0,FEATURE_05_VALUE_03,3,0.146195373797608,0.127290327598246,8.97735377,5.3248136315229,,,,,,,,,21
2579,2304400005016,2304400,,FEATURE_02_VALUE_03,False,25.0,FEATURE_05_VALUE_03,4,0.153550286877697,0.141161202893031,1206.04990419,2.27694787101515,,,,,,,,,21
2580,2925808001001,2925808,,FEATURE_02_VALUE_02,True,24.48,FEATURE_05_VALUE_03,11,0.164844900217686,0.143483467462737,4.93023128,3.83391481041291,,,,,,,,,10
2585,3550308005088,3550308,,FEATURE_02_VALUE_06,True,23.11,FEATURE_05_VALUE_02,2,0.19010222782583397,0.179139940969186,5593.905463,2.81588342075523,,,,,,,,,6
2594,4307005003006,4307005,FEATURE_01_VALUE_10,FEATURE_02_VALUE_06,False,32.51,FEATURE_05_VALUE_06,3,0.120086052709911,0.12347161063105698,51.66605381,5.862523816503001,,,96.0,93.8,100.0,100.0,98.5,97.6,9
2596,4307005003005,4307005,FEATURE_01_VALUE_10,FEATURE_02_VALUE_06,False,43.2,FEATURE_05_VALUE_05,6,0.120086052709911,0.12347161063105698,51.66605381,5.862523816503001,,,96.9,85.6,100.0,100.0,95.1,95.0,9
2604,3556305001001,3556305,,FEATURE_02_VALUE_04,False,28.05,FEATURE_05_VALUE_03,6,0.137707582209606,0.13246453129230001,9.27650057,8.00224062737566,,,,,,,,,6
2613,4126504001001,4126504,,FEATURE_02_VALUE_02,False,23.28,FEATURE_05_VALUE_03,2,0.194250822345102,0.18327944452959302,5.86206305,12.215232394796299,,,,,,,,,1
2637,3534401005017,3534401,,FEATURE_02_VALUE_02,True,36.66,FEATURE_05_VALUE_03,4,0.20949501049637198,0.22247544692786303,295.98887328,3.59792989505558,,,,,,,,,19
2646,3535804001001,3535804,,FEATURE_02_VALUE_02,False,27.74,FEATURE_05_VALUE_03,5,0.17749983733383104,0.163308408599356,6.30782354,5.16608978664049,,,,,,,,,19
2649,5106232001001,5106232,,FEATURE_02_VALUE_06,False,30.37,FEATURE_05_VALUE_03,3,0.238097957514668,0.232611484998328,7.3854166,5.272871078302139,,,,,,,,,15
2650,2305506003006,2305506,FEATURE_01_VALUE_03,FEATURE_02_VALUE_03,False,8.0,FEATURE_05_VALUE_06,4,0.217714731332823,0.20620117763152399,35.47626406,4.93164736748663,,,,,,,,,21
2651,4310207003005,4310207,,FEATURE_02_VALUE_06,False,25.3,FEATURE_05_VALUE_03,3,0.15487699046863002,0.15494844835711,35.25596672,3.6217449567201503,,,,,,,,,9
2652,1500602003005,1500602,,FEATURE_02_VALUE_02,False,48.0,FEATURE_05_VALUE_03,6,0.20714427937055602,0.174367025655048,42.89029677,1.84532486944327,,,,,,,,,5
2655,4310603003002,4310603,,FEATURE_02_VALUE_02,False,24.2,FEATURE_05_VALUE_03,4,0.13534415197193597,0.139809354799452,9.68084475,5.11665984445354,,,,,,,,,9
2665,1714203001001,1714203,,FEATURE_02_VALUE_02,False,28.96,FEATURE_05_VALUE_03,2,0.195697591187723,0.198950592425878,2.63381525,10.7631040792164,,,,,,,,,13
2667,5105259003002,5105259,,FEATURE_02_VALUE_04,False,46.4,FEATURE_05_VALUE_03,3,0.21028867397801998,0.167499230544558,36.39793299,3.49131535305927,,,,,,,,,15
2673,3550308005310,3550308,,FEATURE_02_VALUE_02,True,51.45,FEATURE_05_VALUE_05,6,0.19010222782583397,0.179139940969186,5593.905463,2.81588342075523,,,100.0,89.4,100.0,100.0,99.2,98.0,6
2688,1100205004003,1100205,FEATURE_01_VALUE_10,FEATURE_02_VALUE_02,True,64.3,FEATURE_05_VALUE_05,11,0.26509967780868304,0.254715018647376,228.91880147,2.18797489000454,,,100.0,85.0,100.0,100.0,71.3,87.0,11
2689,3304557005010,3304557,FEATURE_01_VALUE_10,FEATURE_02_VALUE_03,True,52.54,FEATURE_05_VALUE_05,5,0.0983988290578631,0.0894600495753896,2972.1393031,2.9645042306717797,FEATURE_11_VALUE_06,FEATURE_12_VALUE_02,48.3,85.0,100.0,50.0,86.4,69.8,4
2700,4106902005047,4106902,,FEATURE_02_VALUE_03,True,26.53,FEATURE_05_VALUE_06,5,0.168921519796663,0.16765931392066,921.24100938,3.93752111761748,,,,,,,,,1
2702,3304557005098,3304557,,FEATURE_02_VALUE_06,True,25.0,FEATURE_05_VALUE_03,2,0.0983988290578631,0.0894600495753896,2972.1393031,2.9645042306717797,,,,,,,,,4
2704,3300704003004,3300704,,FEATURE_02_VALUE_04,False,34.7,FEATURE_05_VALUE_03,3,0.12597824352472098,0.12265527954931099,53.9940172,2.87837429419864,,,,,,,,,4
2705,-1,-1,FEATURE_01_VALUE_03,FEATURE_02_VALUE_06,False,8.0,FEATURE_05_VALUE_06,3,0.156398507799793,0.14094424173871803,53.0297984,2.5890805527687,,,,,,,,,0
2708,3537909001001,3537909,,FEATURE_02_VALUE_02,False,52.87,FEATURE_05_VALUE_06,5,0.272224777717028,0.25780153386925303,7.93437782,10.597336536083901,,,,,,,,,19
2724,3127701005006,3127701,,FEATURE_02_VALUE_06,False,35.0,FEATURE_05_VALUE_03,5,0.179198298159682,0.18571914671907,91.33986882,2.5147020257721002,,,,,,,,,8
2730,3102308001001,3102308,,FEATURE_02_VALUE_06,False,29.25,FEATURE_05_VALUE_03,3,0.146770424879702,0.143562512923576,3.33732167,6.40245854408093,,,,,,,,,8
2733,3522208003007,3522208,,FEATURE_02_VALUE_02,False,30.0,FEATURE_05_VALUE_05,6,0.22015772231641398,0.209369771303964,58.07073262,1.79387213279437,,,100.0,92.4,100.0,100.0,99.7,98.7,19
2741,3132503003002,3132503,,FEATURE_02_VALUE_06,False,31.2,FEATURE_05_VALUE_03,3,0.200490756403885,0.18673946665103897,6.51898493,2.9194523107465,,,,,,,,,16
2745,2309508001001,2309508,,FEATURE_02_VALUE_03,False,23.61,FEATURE_05_VALUE_03,4,0.217714731332823,0.20620117763152399,6.50408704,9.348415443582311,,,,,,,,,21
2746,2312700001001,2312700,,FEATURE_02_VALUE_03,False,25.22,FEATURE_05_VALUE_03,3,0.217678962689626,0.19392477136468803,6.665563099999999,11.3007119448525,,,,,,,,,21
2748,3137205003002,3137205,FEATURE_01_VALUE_03,FEATURE_02_VALUE_06,False,9.0,FEATURE_05_VALUE_06,2,0.146187205447505,0.1445200689281,20.06876338,5.97645277606231,,,,,,,,,16
2752,3201902003001,3201902,,FEATURE_02_VALUE_04,False,21.39,FEATURE_05_VALUE_03,2,0.23152855447318102,0.199051848328656,4.82578607,8.71687587168759,,,,,,,,,20
2755,3518800005001,3518800,,FEATURE_02_VALUE_03,False,32.0,FEATURE_05_VALUE_06,4,0.208766597327068,0.20454290622445698,551.93508231,1.1322626154813502,,,,,,,,,27
2757,3530706003004,3530706,,FEATURE_02_VALUE_03,False,30.0,FEATURE_05_VALUE_06,4,0.15808907565882901,0.157177795331244,66.9130537,2.71678224311126,,,,,,,,,19
2761,4321600003002,4321600,,FEATURE_02_VALUE_04,False,38.87,FEATURE_05_VALUE_03,6,0.146232867017383,0.154124019067604,18.30807758,4.3132265090901205,,,87.2,82.9,0.0,100.0,67.9,79.1,9
2763,3513108003001,3513108,,FEATURE_02_VALUE_02,False,39.86,FEATURE_05_VALUE_03,3,0.19144279720493104,0.18346116273752,15.261162699999998,11.7267663441806,,,,,,,,,27
2774,2111300005013,2111300,FEATURE_01_VALUE_03,FEATURE_02_VALUE_03,False,10.0,FEATURE_05_VALUE_06,2,0.164088694749955,0.16478971361925399,507.68059102,2.14174037823135,,,,,,,,,17
2779,3304557005167,3304557,,FEATURE_02_VALUE_03,True,27.1,FEATURE_05_VALUE_05,9,0.0983988290578631,0.0894600495753896,2972.1393031,2.9645042306717797,,,,,,,,,4
2792,3304557005046,3304557,,FEATURE_02_VALUE_03,True,24.58,FEATURE_05_VALUE_03,2,0.0983988290578631,0.0894600495753896,2972.1393031,2.9645042306717797,,,89.5,77.3,66.7,100.0,28.0,62.5,4
2801,2611101003002,2611101,FEATURE_01_VALUE_10,FEATURE_02_VALUE_03,False,74.0,FEATURE_05_VALUE_05,17,0.24588067964672403,0.272049250592723,115.14632474,3.0124928076734196,,,100.0,85.6,100.0,100.0,76.3,88.9,2
2815,3510203003002,3510203,,FEATURE_02_VALUE_06,False,32.05,FEATURE_05_VALUE_03,5,0.18403305265633899,0.186197481249426,11.51268333,6.317651518342251,,,,,,,,,27
2822,3522307003007,3522307,,FEATURE_02_VALUE_06,False,35.61,FEATURE_05_VALUE_03,15,0.15494465700237303,0.149387245781475,65.13769391,5.09502216334641,,,85.0,60.6,66.7,100.0,70.0,78.3,19
2828,3549904005006,3549904,FEATURE_01_VALUE_10,FEATURE_02_VALUE_02,False,31.0,FEATURE_05_VALUE_03,2,0.157930803400635,0.159030009934577,296.82883547,3.7757933885857797,,,,,,,,,6
2840,3201308005004,3201308,FEATURE_01_VALUE_10,FEATURE_02_VALUE_06,False,57.18,FEATURE_05_VALUE_05,7,0.118748745112078,0.110059743182675,148.70348692,1.30957931074222,,,80.8,82.2,100.0,50.0,49.4,65.9,20
2847,3508504003002,3508504,FEATURE_01_VALUE_03,FEATURE_02_VALUE_02,False,8.0,FEATURE_05_VALUE_06,3,0.157930803400635,0.159030009934577,36.66315615,6.5816897391457,,,,,,,,,27
2855,3143906003005,3143906,FEATURE_01_VALUE_10,FEATURE_02_VALUE_04,False,27.4,FEATURE_05_VALUE_03,5,0.17051013720216301,0.157266064096131,43.2424485,2.79686378341087,,,,,,,,,16
2860,2305506003005,2305506,FEATURE_01_VALUE_10,FEATURE_02_VALUE_03,False,29.36,FEATURE_05_VALUE_03,6,0.217714731332823,0.20620117763152399,35.47626406,4.93164736748663,,,,,,,,,21
2867,4209102005003,4209102,FEATURE_01_VALUE_03,FEATURE_02_VALUE_03,False,18.95,FEATURE_05_VALUE_06,10,0.146729639879962,0.15623974713747302,283.94443252,1.4231051799249699,,,,,,,,,14
2877,3304557005135,3304557,FEATURE_01_VALUE_10,FEATURE_02_VALUE_03,True,31.55,FEATURE_05_VALUE_02,4,0.0983988290578631,0.0894600495753896,2972.1393031,2.9645042306717797,,,,,,,,,4
2889,4202909003005,4202909,FEATURE_01_VALUE_10,FEATURE_02_VALUE_04,False,24.07,FEATURE_05_VALUE_05,2,0.133753965158954,0.134263945143455,65.65163417,2.44349419670128,,,,,,,,,14
2894,3519071005001,3519071,FEATURE_01_VALUE_08,FEATURE_02_VALUE_03,False,26.73,FEATURE_05_VALUE_06,3,0.18165982132119599,0.17793854192416197,88.49153693,3.24345863895208,,,,,,,,,27
2910,3550308005283,3550308,,FEATURE_02_VALUE_03,True,41.55,FEATURE_05_VALUE_03,6,0.19010222782583397,0.179139940969186,5593.905463,2.81588342075523,,,88.0,69.4,100.0,100.0,97.9,91.2,6
2929,3541406005007,3541406,FEATURE_01_VALUE_03,FEATURE_02_VALUE_02,False,13.8,FEATURE_05_VALUE_06,2,0.205248505636395,0.196880148618927,116.94231404,4.05055087491899,,,,,,,,,6
2932,2304400005019,2304400,FEATURE_01_VALUE_03,FEATURE_02_VALUE_03,False,12.0,FEATURE_05_VALUE_06,5,0.153550286877697,0.141161202893031,1206.04990419,2.27694787101515,,,,,,,,,21
2934,3154606005016,3154606,FEATURE_01_VALUE_10,FEATURE_02_VALUE_02,False,25.8,FEATURE_05_VALUE_05,5,0.107871270969554,0.10426105196934801,97.82797923,1.23969887714274,,,,,,,,,16
2945,3550308005207,3550308,FEATURE_01_VALUE_10,FEATURE_02_VALUE_03,True,49.4,FEATURE_05_VALUE_03,2,0.19010222782583397,0.179139940969186,5593.905463,2.81588342075523,,,,,,,,,6
2950,1200401005004,1200401,FEATURE_01_VALUE_03,FEATURE_02_VALUE_02,False,15.6,FEATURE_05_VALUE_06,6,0.227606622941496,0.22583496953327997,200.83501228,2.42882202131966,,,,,,,,,24
2954,4119905004014,4119905,FEATURE_01_VALUE_03,FEATURE_02_VALUE_06,False,9.0,FEATURE_05_VALUE_06,2,0.167462213607307,0.13043041731357902,136.44173731,2.3678096281059,,,,,,,,,1
2958,-1,-1,,FEATURE_02_VALUE_04,False,26.34,FEATURE_05_VALUE_03,3,0.18428430412781302,0.16779825569554901,4.89510444,9.89756025139803,,,,,,,,,0
2966,4314902004033,4314902,,FEATURE_02_VALUE_03,True,43.09,FEATURE_05_VALUE_05,7,0.116197735939536,0.117093552085394,842.4716612999999,3.7240997327450605,,,93.4,88.4,100.0,100.0,94.7,94.5,9
2976,3303500005002,3303500,FEATURE_01_VALUE_10,FEATURE_02_VALUE_02,False,39.3,FEATURE_05_VALUE_03,6,0.0983988290578631,0.0894600495753896,230.99996701,1.7337633066333797,,,,,,,,,4
2984,3303500005002,3303500,,FEATURE_02_VALUE_02,False,42.31,FEATURE_05_VALUE_05,10,0.0983988290578631,0.0894600495753896,230.99996701,1.7337633066333797,,,77.0,60.6,66.7,50.0,55.5,62.3,4
2992,4118204003001,4118204,FEATURE_01_VALUE_03,FEATURE_02_VALUE_06,False,7.0,FEATURE_05_VALUE_06,2,0.223646938710778,0.24786506586551,55.39496178,5.973715651135009,,,,,,,,,1
3004,3304557005196,3304557,,FEATURE_02_VALUE_03,True,53.52,FEATURE_05_VALUE_05,22,0.0983988290578631,0.0894600495753896,2972.1393031,2.9645042306717797,,,100.0,67.8,0.0,100.0,46.9,65.6,4
3008,3304557005184,3304557,,FEATURE_02_VALUE_03,True,39.35,FEATURE_05_VALUE_03,14,0.0983988290578631,0.0894600495753896,2972.1393031,2.9645042306717797,,,81.6,75.9,100.0,50.0,69.1,72.4,4
3033,4115200004014,4115200,FEATURE_01_VALUE_10,FEATURE_02_VALUE_02,False,52.4,FEATURE_05_VALUE_05,9,0.149256821995988,0.155121866537068,221.80671183,4.27740748848245,,,,,,,,,1
3054,2613107003001,2613107,FEATURE_01_VALUE_10,FEATURE_02_VALUE_02,False,25.5,FEATURE_05_VALUE_03,2,0.14626404420929,0.152495377116875,12.90952278,2.72012621385632,,,,,,,,,2
3057,5103403005005,5103403,FEATURE_01_VALUE_03,FEATURE_02_VALUE_03,False,12.0,FEATURE_05_VALUE_06,4,0.196932279616043,0.19458922872895698,332.69338717,2.7562968462796005,,,,,,,,,15
3069,3509205003003,3509205,FEATURE_01_VALUE_10,FEATURE_02_VALUE_02,False,34.35,FEATURE_05_VALUE_05,4,0.20949501049637198,0.22247544692786303,31.41745847,4.17798203467725,,,,,,,,,27
3082,2211001003009,2211001,FEATURE_01_VALUE_10,FEATURE_02_VALUE_03,False,29.0,FEATURE_05_VALUE_02,11,0.16729067138883802,0.16055741817687602,410.13469953,1.77673542632767,,,100.0,89.2,100.0,100.0,98.4,97.7,7
3086,3539004001001,3539004,,FEATURE_02_VALUE_06,False,30.69,FEATURE_05_VALUE_03,3,0.217695383616102,0.216985312284916,5.11468171,17.825311942959,,,,,,,,,19
3096,5204508003003,5204508,,FEATURE_02_VALUE_06,False,45.69,FEATURE_05_VALUE_03,5,0.23532826285737,0.226891250215207,38.34140883,6.13670115492716,,,100.0,90.3,100.0,100.0,94.2,96.3,3
3098,-1,-1,,FEATURE_02_VALUE_03,True,28.46,FEATURE_05_VALUE_03,4,0.19010222782583397,0.179139940969186,5593.905463,2.81588342075523,FEATURE_11_VALUE_07,FEATURE_12_VALUE_01,,,,,,,0
3103,3302700003007,3302700,,FEATURE_02_VALUE_02,True,30.07,FEATURE_05_VALUE_02,2,0.0983988290578631,0.0894600495753896,51.94113751,6.82365625149267,,,,,,,,,4
3109,4317905001001,4317905,,FEATURE_02_VALUE_04,False,26.9,FEATURE_05_VALUE_03,1,0.148146307077701,0.159351286006094,3.67344015,13.5528901538253,,,,,,,,,9
3114,1100114003002,1100114,FEATURE_01_VALUE_10,FEATURE_02_VALUE_06,True,40.63,FEATURE_05_VALUE_03,4,0.26044127067854395,0.262887812535083,14.37586483,3.5882162976784198,,,,,,,,,11
3115,-1,-1,FEATURE_01_VALUE_10,FEATURE_02_VALUE_06,True,34.0,FEATURE_05_VALUE_05,5,0.10796294040054699,0.0966270999964763,106.56182836,2.43971295034487,,,,,,,,,0
3121,3527207003002,3527207,FEATURE_01_VALUE_10,FEATURE_02_VALUE_02,False,46.8,FEATURE_05_VALUE_05,5,0.17948195688031604,0.17305675913351998,36.80495446,2.2941567826745297,,,,,,,,,19
3138,4321303003001,4321303,,FEATURE_02_VALUE_06,False,24.27,FEATURE_05_VALUE_03,2,0.15812826364726298,0.16791597617756798,9.19458199,7.3724565025066395,,,,,,,,,9
3156,3555406003003,3555406,FEATURE_01_VALUE_08,FEATURE_02_VALUE_06,False,57.82,FEATURE_05_VALUE_03,5,0.18830545180480604,0.18658544601520002,33.89116511,4.63005833873507,,,,,,,,,6
3164,4105805005009,4105805,,FEATURE_02_VALUE_02,False,26.92,FEATURE_05_VALUE_03,4,0.168921519796663,0.16765931392066,83.01874387,1.72093343429476,,,100.0,95.0,100.0,100.0,97.2,98.2,1
3168,4111258001001,4111258,,FEATURE_02_VALUE_02,False,24.84,FEATURE_05_VALUE_05,1,0.168921519796663,0.16765931392066,6.92471754,7.47523827321996,,,,,,,,,1
3169,3501608005004,3501608,FEATURE_01_VALUE_10,FEATURE_02_VALUE_03,False,56.1,FEATURE_05_VALUE_03,4,0.18165982132119599,0.17793854192416197,133.39061565,4.36068061503039,,,,,,,,,27
3182,1100304003001,1100304,FEATURE_01_VALUE_03,FEATURE_02_VALUE_06,False,12.0,FEATURE_05_VALUE_05,2,0.226958245458038,0.229355030992275,46.8979348,2.1786255051687897,,,,,,,,,11
3186,3547809005005,3547809,,FEATURE_02_VALUE_03,True,51.17,FEATURE_05_VALUE_05,11,0.19010222782583397,0.179139940969186,357.88894021,8.58900888469608,,,,,,,,,6
3197,4308102001001,4308102,FEATURE_01_VALUE_10,FEATURE_02_VALUE_06,False,24.08,FEATURE_05_VALUE_03,2,0.162312689963456,0.17314321514552802,5.16325414,15.220700152207,,,,,,,,,9
3199,3114402001001,3114402,,FEATURE_02_VALUE_04,False,23.0,FEATURE_05_VALUE_03,2,0.137586536127142,0.134658346743747,5.4455309000000005,9.37294966726029,,,,,,,,,8
3200,3147204001001,3147204,,FEATURE_02_VALUE_04,False,27.6,FEATURE_05_VALUE_03,3,0.137586536127142,0.134658346743747,6.05468354,9.35278713056491,,,,,,,,,16
3206,4119608003001,4119608,,FEATURE_02_VALUE_06,False,23.5,FEATURE_05_VALUE_03,2,0.21254237509449803,0.22907335835336398,6.14591106,6.169221752675901,,,,,,,,,1
3208,3550308005108,3550308,FEATURE_01_VALUE_08,FEATURE_02_VALUE_03,True,55.23,FEATURE_05_VALUE_05,6,0.19010222782583397,0.179139940969186,5593.905463,2.81588342075523,,,,,,,,,6
3213,2933307005008,2933307,,FEATURE_02_VALUE_02,False,29.5,FEATURE_05_VALUE_02,5,0.134654243381425,0.131481348728959,116.19405798,2.9134982373335694,FEATURE_11_VALUE_01,FEATURE_12_VALUE_01,88.0,99.4,100.0,100.0,75.9,88.0,10
3236,3506102003002,3506102,,FEATURE_02_VALUE_06,False,30.18,FEATURE_05_VALUE_05,6,0.217695383616102,0.216985312284916,33.72892057,7.729269455215321,,,,,,,,,27
3243,3170701003001,3170701,FEATURE_01_VALUE_08,FEATURE_02_VALUE_02,False,36.86,FEATURE_05_VALUE_05,3,0.167990698683764,0.16289364280521,57.46607474,3.7777760987661804,,,100.0,93.8,100.0,100.0,97.7,98.2,16
3251,3301850003002,3301850,,FEATURE_02_VALUE_02,False,20.24,FEATURE_05_VALUE_03,2,0.0983988290578631,0.0894600495753896,15.91613295,3.53888348226135,,,,,,,,,4
3252,3547809005019,3547809,,FEATURE_02_VALUE_03,True,47.36,FEATURE_05_VALUE_05,5,0.19010222782583397,0.179139940969186,357.88894021,8.58900888469608,,,,,,,,,6
3261,3548708005005,3548708,,FEATURE_02_VALUE_03,True,31.0,FEATURE_05_VALUE_06,9,0.19010222782583397,0.179139940969186,374.34233659,2.69302567555161,,,,,,,,,6
3263,3518404003003,3518404,FEATURE_01_VALUE_08,FEATURE_02_VALUE_02,False,48.53,FEATURE_05_VALUE_05,6,0.17948195688031604,0.17305675913351998,49.69951924,3.35928380069369,,,100.0,93.6,100.0,100.0,100.0,99.1,27
3274,3550308005023,3550308,FEATURE_01_VALUE_08,FEATURE_02_VALUE_06,True,35.77,FEATURE_05_VALUE_05,3,0.19010222782583397,0.179139940969186,5593.905463,2.81588342075523,,,,,,,,,6
3284,3552205005008,3552205,FEATURE_01_VALUE_08,FEATURE_02_VALUE_02,True,45.93,FEATURE_05_VALUE_06,4,0.20810473940074697,0.193996955600903,334.69777355,4.34163049933403,,,,,,,,,6
3285,4117503003002,4117503,,FEATURE_02_VALUE_06,False,29.87,FEATURE_05_VALUE_03,3,0.149256821995988,0.155121866537068,14.48585447,5.0902242243770806,,,,,,,,,1
3287,4114203003002,4114203,FEATURE_01_VALUE_08,FEATURE_02_VALUE_06,False,42.19,FEATURE_05_VALUE_03,3,0.149256821995988,0.155121866537068,13.14166474,5.8327743591239205,,,,,,,,,1
3294,-1,-1,FEATURE_01_VALUE_08,FEATURE_02_VALUE_03,True,27.31,FEATURE_05_VALUE_02,1,0.215966958345941,0.19728680271075,1562.67481722,3.67088303606042,,,,,,,,,0
3301,3519600003002,3519600,,FEATURE_02_VALUE_06,False,31.64,FEATURE_05_VALUE_03,4,0.183696638072003,0.18760963909243103,24.69215497,6.938541865426981,,,,,,,,,27
3307,2613909003003,2613909,,FEATURE_02_VALUE_03,False,40.2,FEATURE_05_VALUE_03,5,0.13639249983438098,0.15970130723436599,31.84828917,5.92754172989378,,,100.0,96.5,100.0,100.0,96.8,98.3,2
3310,2615706001001,2615706,,FEATURE_02_VALUE_03,True,24.78,FEATURE_05_VALUE_03,3,0.13639249983438098,0.15970130723436599,4.30716605,13.114754098360699,,,,,,,,,2
3316,4202008003006,4202008,FEATURE_01_VALUE_08,FEATURE_02_VALUE_06,False,45.2,FEATURE_05_VALUE_03,6,0.169939584308514,0.18051844262921402,77.69141440000001,5.462135695056769,,,,,,,,,14
3323,2108009001001,2108009,,FEATURE_02_VALUE_03,False,26.83,FEATURE_05_VALUE_03,3,0.082068138484933,0.0793258048030433,4.11362125,10.5268698352545,,,,,,,,,17
3326,2103802001001,2103802,FEATURE_01_VALUE_08,FEATURE_02_VALUE_03,False,24.5,FEATURE_05_VALUE_03,3,0.11733113478269501,0.12861335465857998,5.50364779,8.740876709934009,,,,,,,,,17
3340,3550308005048,3550308,FEATURE_01_VALUE_10,FEATURE_02_VALUE_03,True,48.32,FEATURE_05_VALUE_03,5,0.19010222782583397,0.179139940969186,5593.905463,2.81588342075523,,,98.1,93.8,100.0,100.0,99.9,98.5,6
3344,1502400003007,1502400,FEATURE_01_VALUE_06,FEATURE_02_VALUE_02,False,11.71,FEATURE_05_VALUE_06,4,0.156337616124141,0.167341503090052,80.79314256,2.1076592336551,,,,,,,,,5
3353,-1,-1,,FEATURE_02_VALUE_03,True,34.6,FEATURE_05_VALUE_02,9,0.215966958345941,0.19728680271075,1562.67481722,3.67088303606042,,,,,,,,,0
3359,3550308005102,3550308,,FEATURE_02_VALUE_04,True,21.76,FEATURE_05_VALUE_04,1,0.19010222782583397,0.179139940969186,5593.905463,2.81588342075523,,,,,,,,,6
3367,2506004003002,2506004,,FEATURE_02_VALUE_02,False,29.75,FEATURE_05_VALUE_03,3,0.139066073418283,0.10428903014620901,10.57531241,6.100350770169281,,,,,,,,,23
3368,2516102001001,2516102,,FEATURE_02_VALUE_02,True,20.5,FEATURE_05_VALUE_03,2,0.15492065516454098,0.16157092423223499,4.82466492,20.3887454125323,,,,,,,,,23
3371,4313201001001,4313201,,FEATURE_02_VALUE_04,False,31.89,FEATURE_05_VALUE_03,2,0.140449240676218,0.136630796487754,8.40148494,14.6943573667712,,,,,,,,,9
3383,2927408005003,2927408,,FEATURE_02_VALUE_03,True,36.46,FEATURE_05_VALUE_03,5,0.10796294040054699,0.0966270999964763,1355.48660282,4.14229360508605,,,,,,,,,10
3389,2927408005045,2927408,FEATURE_01_VALUE_10,FEATURE_02_VALUE_03,True,26.6,FEATURE_05_VALUE_03,4,0.10796294040054699,0.0966270999964763,1355.48660282,4.14229360508605,FEATURE_11_VALUE_06,FEATURE_12_VALUE_02,,,,,,,10
3394,2927408005009,2927408,FEATURE_01_VALUE_10,FEATURE_02_VALUE_03,True,29.2,FEATURE_05_VALUE_01,5,0.10796294040054699,0.0966270999964763,1355.48660282,4.14229360508605,,,,,,,,,10
3396,2927408005045,2927408,,FEATURE_02_VALUE_03,True,41.72,FEATURE_05_VALUE_05,12,0.10796294040054699,0.0966270999964763,1355.48660282,4.14229360508605,,,,,,,,,10
3406,3553955001001,3553955,,FEATURE_02_VALUE_06,False,21.51,FEATURE_05_VALUE_03,2,0.190719321088189,0.16354536846107,5.72182016,14.079549454417501,,,,,,,,,6
3415,3530607005007,3530607,,FEATURE_02_VALUE_02,False,16.0,FEATURE_05_VALUE_06,6,0.21676335025073104,0.21158341309842102,168.30354708,1.8839798131563001,,,,,,,,,19
3416,2927408005006,2927408,FEATURE_01_VALUE_10,FEATURE_02_VALUE_03,True,32.5,FEATURE_05_VALUE_05,10,0.10796294040054699,0.0966270999964763,1355.48660282,4.14229360508605,,,,,,,,,10
3426,2927408005018,2927408,,FEATURE_02_VALUE_03,True,36.31,FEATURE_05_VALUE_03,6,0.10796294040054699,0.0966270999964763,1355.48660282,4.14229360508605,,,,,,,,,10
3432,2927408005009,2927408,,FEATURE_02_VALUE_03,True,35.0,FEATURE_05_VALUE_03,3,0.10796294040054699,0.0966270999964763,1355.48660282,4.14229360508605,,,,,,,,,10
3433,2927408005007,2927408,,FEATURE_02_VALUE_03,True,34.12,FEATURE_05_VALUE_03,4,0.10796294040054699,0.0966270999964763,1355.48660282,4.14229360508605,,,,,,,,,10
3436,-1,-1,,FEATURE_02_VALUE_03,True,35.0,FEATURE_05_VALUE_03,4,0.10796294040054699,0.0966270999964763,1355.48660282,4.14229360508605,,,,,,,,,0
3450,2507507005010,2507507,FEATURE_01_VALUE_08,FEATURE_02_VALUE_03,True,55.25,FEATURE_05_VALUE_05,8,0.101557578651284,0.0564022527312486,492.57987651,3.6642162746797595,,,,,,,,,23
3457,2310704003001,2310704,FEATURE_01_VALUE_08,FEATURE_02_VALUE_03,False,29.71,FEATURE_05_VALUE_03,4,0.206992097803344,0.0394131832704557,8.59878888,5.438773012808309,,,,,,,,,21
3464,3118601005014,3118601,FEATURE_01_VALUE_08,FEATURE_02_VALUE_02,False,26.08,FEATURE_05_VALUE_03,5,0.107871270969554,0.10426105196934801,287.13304984,2.00380414510008,,,,,,,,,8
3472,1505536003006,1505536,,FEATURE_02_VALUE_06,False,46.16,FEATURE_05_VALUE_03,5,0.215215869677656,0.102371390983052,82.28535569,3.15920830239942,,,,,,,,,5
3475,3550308005151,3550308,,FEATURE_02_VALUE_02,True,51.0,FEATURE_05_VALUE_06,7,0.19010222782583397,0.179139940969186,5593.905463,2.81588342075523,,,,,,,,,6
3478,4106902005014,4106902,,FEATURE_02_VALUE_04,True,21.76,FEATURE_05_VALUE_04,0,0.168921519796663,0.16765931392066,921.24100938,3.93752111761748,,,,,,,,,1
3480,2507507005011,2507507,FEATURE_01_VALUE_08,FEATURE_02_VALUE_03,True,50.92,FEATURE_05_VALUE_05,6,0.101557578651284,0.0564022527312486,492.57987651,3.6642162746797595,,,,,,,,,23
3484,-1,-1,FEATURE_01_VALUE_03,FEATURE_02_VALUE_06,True,12.41,FEATURE_05_VALUE_06,5,0.118748745112078,0.110059743182675,231.37366479,4.12051687763713,,,,,,,,,0
3493,3205002005006,3205002,,FEATURE_02_VALUE_06,True,38.0,FEATURE_05_VALUE_03,2,0.118748745112078,0.110059743182675,231.37366479,4.12051687763713,,,,,,,,,20
3512,2611606005009,2611606,,FEATURE_02_VALUE_03,False,41.0,FEATURE_05_VALUE_03,5,0.1242655343867,0.0727125830348488,889.57790852,5.25605327288254,,,,,,,,,2
3533,2607901005008,2607901,,FEATURE_02_VALUE_03,False,32.0,FEATURE_05_VALUE_03,6,0.1242655343867,0.0727125830348488,316.22086481,3.35217352016114,,,,,,,,,2
3539,2611606005033,2611606,FEATURE_01_VALUE_10,FEATURE_02_VALUE_03,False,28.38,FEATURE_05_VALUE_06,0,0.1242655343867,0.0727125830348488,889.57790852,5.25605327288254,,,,,,,,,2
3549,3523909003005,3523909,FEATURE_01_VALUE_08,FEATURE_02_VALUE_02,False,67.87,FEATURE_05_VALUE_03,8,0.20810473940074697,0.193996955600903,74.83403561,5.38615757503217,,,,,,,,,19
3552,4307609003002,4307609,,FEATURE_02_VALUE_02,False,21.1,FEATURE_05_VALUE_03,5,0.116197735939536,0.117093552085394,21.94463834,6.45939195590388,,,,,,,,,9
3557,4301602003002,4301602,,FEATURE_02_VALUE_02,False,31.52,FEATURE_05_VALUE_03,1,0.163608092889936,0.153018747973198,38.33200486,5.74953387707497,,,,,,,,,9
3559,4303905003002,4303905,FEATURE_01_VALUE_10,FEATURE_02_VALUE_02,False,29.93,FEATURE_05_VALUE_03,5,0.116197735939536,0.117093552085394,30.38208198,3.11667264028923,FEATURE_11_VALUE_07,FEATURE_12_VALUE_02,,,,,,,9
3565,2611606005032,2611606,,FEATURE_02_VALUE_03,False,40.18,FEATURE_05_VALUE_03,3,0.1242655343867,0.0727125830348488,889.57790852,5.25605327288254,,,,,,,,,2
3566,2611606005038,2611606,FEATURE_01_VALUE_10,FEATURE_02_VALUE_03,False,32.0,FEATURE_05_VALUE_03,2,0.1242655343867,0.0727125830348488,889.57790852,5.25605327288254,,,,,,,,,2
3568,2611606005002,2611606,,FEATURE_02_VALUE_03,False,39.5,FEATURE_05_VALUE_03,3,0.1242655343867,0.0727125830348488,889.57790852,5.25605327288254,,,,,,,,,2
3592,1501402005026,1501402,FEATURE_01_VALUE_03,FEATURE_02_VALUE_03,True,18.96,FEATURE_05_VALUE_06,19,0.139606040145107,0.12805212738657198,229.72459173,1.78075361492984,,,,,,,,,5
3593,1501402005013,1501402,,FEATURE_02_VALUE_03,True,25.1,FEATURE_05_VALUE_06,25,0.139606040145107,0.12805212738657198,796.74539543,4.23740293047672,,,,,,,,,5
3598,1501402005001,1501402,FEATURE_01_VALUE_03,FEATURE_02_VALUE_03,True,11.56,FEATURE_05_VALUE_06,9,0.139606040145107,0.12805212738657198,796.74539543,4.23740293047672,,,,,,,,,5
3599,1500800005010,1500800,FEATURE_01_VALUE_03,FEATURE_02_VALUE_03,True,20.96,FEATURE_05_VALUE_06,8,0.139606040145107,0.12805212738657198,229.72459173,1.78075361492984,,,,,,,,,5
3605,1501402005001,1501402,FEATURE_01_VALUE_10,FEATURE_02_VALUE_03,True,35.0,FEATURE_05_VALUE_03,12,0.139606040145107,0.12805212738657198,796.74539543,4.23740293047672,,,,,,,,,5
3608,1501402005013,1501402,FEATURE_01_VALUE_10,FEATURE_02_VALUE_03,True,25.0,FEATURE_05_VALUE_03,14,0.139606040145107,0.12805212738657198,796.74539543,4.23740293047672,,,,,,,,,5
3617,3550308005118,3550308,FEATURE_01_VALUE_08,FEATURE_02_VALUE_02,True,40.1,FEATURE_05_VALUE_03,5,0.19010222782583397,0.179139940969186,5593.905463,2.81588342075523,,,,,,,,,6
3621,4305108004017,4305108,,FEATURE_02_VALUE_02,False,49.49,FEATURE_05_VALUE_05,5,0.10822863403399902,0.10836318603893301,274.16924839,6.10715316108354,,,,,,,,,9
3626,-1,-1,,FEATURE_02_VALUE_02,False,61.98,FEATURE_05_VALUE_05,6,0.10822863403399902,0.10836318603893301,274.16924839,6.10715316108354,,,,,,,,,0
3627,2303204001001,2303204,,FEATURE_02_VALUE_02,False,25.1,FEATURE_05_VALUE_03,1,0.18636865230547198,0.17571171383136402,5.11528833,3.72328542706084,,,,,,,,,21
3636,2611606005034,2611606,,FEATURE_02_VALUE_03,False,35.0,FEATURE_05_VALUE_07,0,0.1242655343867,0.0727125830348488,889.57790852,5.25605327288254,,,,,,,,,2
3644,5300108005009,5300108,,FEATURE_02_VALUE_03,True,35.0,FEATURE_05_VALUE_06,3,0.215966958345941,0.19728680271075,1562.67481722,3.67088303606042,,,,,,,,,25
3650,3205002005012,3205002,,FEATURE_02_VALUE_06,True,20.32,FEATURE_05_VALUE_03,2,0.118748745112078,0.110059743182675,231.37366479,4.12051687763713,,,,,,,,,20
3661,3304557005091,3304557,,FEATURE_02_VALUE_03,True,25.18,FEATURE_05_VALUE_02,0,0.0983988290578631,0.0894600495753896,2972.1393031,2.9645042306717797,,,,,,,,,4
3667,2927408005009,2927408,FEATURE_01_VALUE_03,FEATURE_02_VALUE_03,True,11.47,FEATURE_05_VALUE_06,3,0.10796294040054699,0.0966270999964763,1355.48660282,4.14229360508605,,,,,,,,,10
3672,-1,-1,,FEATURE_02_VALUE_03,False,31.0,FEATURE_05_VALUE_05,5,0.19089644321124496,0.17942305290278895,32.40919256,2.98903025894965,,,,,,,,,0
3674,5208707005001,5208707,,FEATURE_02_VALUE_03,False,58.0,FEATURE_05_VALUE_05,9,0.19089644321124496,0.17942305290278895,661.41587319,2.7958400695604997,,,100.0,78.3,100.0,100.0,60.6,81.1,3
3675,4218202003002,4218202,,FEATURE_02_VALUE_04,False,40.74,FEATURE_05_VALUE_03,4,0.133753965158954,0.134263945143455,20.02790857,2.42230458057796,,,100.0,92.5,100.0,100.0,94.2,96.6,14
3684,2917607003002,2917607,,FEATURE_02_VALUE_04,False,29.0,FEATURE_05_VALUE_03,5,0.123647601856241,0.11390467967644198,14.78150984,1.80345903442803,,,77.0,100.0,100.0,50.0,99.7,85.6,10
