cod_loja,ia
1,
2,638270.041922415
3,4515193.84362385
4,15119.7796568932
5,267624.551563416
6,66832.3480481306
7,3522.40084507042
8,40214.5811557375
9,978405.120388742
11,732318.676343648
12,36993.3138686401
14,264704.354208352
15,154323.958349625
17,11572.4220767925
18,10803.8054567921
19,69002.2747191126
20,281377.9529347
22,70566.1979117044
23,753953.921895901
24,117165.232644368
25,207932.541738068
26,
27,4515193.84362385
29,20580.891836283
30,
31,4621.37740017942
32,120553.255412571
33,120553.255412571
34,4515193.84362385
35,4515193.84362385
36,4515193.84362385
37,44195.929591813
38,
39,129037.151038187
40,
42,
43,13339.4561223415
44,2330126.26404102
45,2330126.26404102
46,2330126.26404102
47,53384.5518653114
48,17459.0769464982
49,
50,1236455.27451594
51,37382.9997157636
52,276171.761485478
53,148330.515373436
54,17305.1520967154
56,253041.613129084
57,5807.92758265215
58,8854.81381633143
59,21485.7957440538
60,273000.032954385
61,1154127.18061306
62,79645.4170110361
63,30370.014925596
65,9363.70634265629
66,169054.774849194
67,295090.121464358
68,16720.4229822785
69,19275.3590998924
70,17145.1380787549
71,23020.5152241645
72,1824430.1627795
74,42889.3371728142
76,638270.041922415
77,638270.041922415
78,555525.011159652
79,14534.562966568
80,155072.769701642
81,200550.473502804
83,166721.745254952
85,133588.480748321
86,
88,47468.6140603041
89,26449.0497682917
90,82784.5837841744
91,28690.4910791823
92,21792.8559437883
93,282815.340198951
94,335403.810181978
95,13539.1518985446
96,32007.2555842537
97,107604.352086062
98,86539.5887242245
100,135177.715276813
101,3957.64701350716
102,74987.2007296413
104,20939.0099444039
105,13900.6878684231
107,2429.62109397944
108,5238.65419558923
109,
110,1041109.49861828
111,1041109.49861828
112,110306.047960151
113,237237.536335466
114,5999.52555126791
115,4345.84602155627
116,306153.078780565
118,88747.5017362038
120,37291.5899433855
121,27207.9943707448
122,40763.361921843
123,41247.0475744292
124,11102.4599217315
125,69526.4017392084
126,
128,147886.45508396
130,208835.808477042
131,202976.372449916
133,41306.9674214652
134,536203.672981841
135,3002.55407407408
136,117922.556803755
137,2864.34755098956
138,150380.368587438
139,254232.252469147
140,
141,14040.5083132394
142,5304.33976947902
143,2141160.93535167
144,2141160.93535167
145,2141160.93535167
146,2141160.93535167
147,2141160.93535167
148,442404.042164225
149,9957.89436919696
150,47243.6952323333
151,
152,
153,38697.653449946
154,40664.2995239392
155,39850.4118017738
156,2766031.00041392
157,1667.44826453156
158,101223.902596389
159,1824430.1627795
160,
161,1562127.95533321
162,161781.590385308
163,101223.902596389
164,2330126.26404102
165,48841.4683902282
166,7980.26524973081
167,
168,27623.860503348
169,978405.120388742
170,12625.2677775451
171,33290.5127750267
172,36907.3417182654
173,
174,2330126.26404102
175,1041109.49861828
176,1041109.49861828
177,1022287.06663504
179,453403.119947508
180,48066.8108621242
181,20783.903942353
182,110137.840310177
183,11343.8663131313
184,112235.302475962
185,47382.0771948189
186,
187,25620.2159121546
188,
189,71379.6057646624
190,
191,74787.9011121284
192,
193,15479.749864403
194,
195,113942.794629713
196,1236455.27451594
197,962076.184862206
198,
199,4515193.84362385
204,1154127.18061306
3391,
205,1539677.98571556
207,139072.264090914
208,107069.216078918
209,19696.419535241
210,2129.35670769458
211,23268.0985871439
212,734419.135222316
214,19079.6492636989
216,676351.365502637
217,161781.590385308
218,131577.270218811
219,5301.33529038474
221,2766031.00041392
222,
223,33995.577929329
224,28875.1000750692
225,2766031.00041392
226,29753.7792329592
227,
228,
229,35691.4733439424
230,16679.5769845557
231,4569.28937031621
233,11456.9442219122
236,734419.135222316
237,135177.715276813
238,
239,25266.4236690163
243,16457.4676829995
244,
245,18285.6518157197
246,139007.951037905
247,51145.8254584066
248,491120.606737117
249,107116.233458915
250,12270.0469052628
251,2622.52814831622
252,43646.8885319043
253,12537.4935293316
256,14540.5238406573
257,150029.803772886
258,139072.264090914
259,53320.4518282248
260,4515193.84362385
263,24791.4967598173
264,3626.40515275869
265,164514.735025622
266,
267,2330126.26404102
268,2757.29562695435
269,
270,
271,116469.256018692
273,82481.8948144562
274,962076.184862206
275,324771.024830931
276,18156.6830945289
277,20805.73586783
279,4771.49623093495
280,
281,49295.9370212433
282,198777.507555
283,4515193.84362385
284,2330126.26404102
286,24920.9462287611
287,5560.75037111762
288,15442.1465338133
289,17842.2746584236
290,24180.8729380806
291,86539.5887242245
292,21575.7838599986
293,335403.810181978
294,
295,4515193.84362385
296,
297,18120.8896713115
298,7864.94666736566
299,54981.6884661093
301,57314.0364152196
304,
305,13522.5664349601
306,6166.21739902166
307,
309,2766031.00041392
310,12845.4452213571
311,74750.6275977005
312,14726.7008620797
313,46279.5422376082
314,25388.0708076082
316,14422.4665753178
317,28226.2031229291
318,1539677.98571556
319,22717.7275241032
320,331002.062965681
321,
322,
324,4495.22793927496
325,13220.386167413
326,16170.565011388
328,
329,
330,109203.551098206
331,
332,
335,75736.4153127307
336,11513.871760105
337,61325.6119993502
338,18123.2932015454
340,51318.1906598048
341,4990.64521095438
342,13310.3514798843
343,2330126.26404102
345,
346,20775.5401183621
347,4838.2726639734
348,306153.078780565
349,4515193.84362385
350,13759.3090684411
351,
352,519254.382200659
354,5276.6995407218
356,2766031.00041392
357,4515193.84362385
358,80606.929163224
359,267624.551563416
360,591661.149176464
361,
362,22784.3048669766
363,591661.149176464
364,4030.07133116215
365,13156.7586616237
366,425761.668653713
367,11851.6632028374
368,40238.5358657693
369,358813.018199414
370,5917.83405832602
371,555525.011159652
372,2330126.26404102
373,25323.7629450135
374,222549.307864111
376,17115.6787667654
377,20166.8612045844
378,29188.8257272831
379,
380,144956.220470591
382,5481.54588346308
383,36379.5238444334
385,450821.460009594
687,51314.953391389
386,1824430.1627795
387,95551.227942943
388,12960.2948375988
389,4515193.84362385
390,7342.03621487773
391,3895.51098731884
392,19614.9700918285
393,4515193.84362385
395,13558.8924871839
396,3474129.96629439
397,11370.2173109157
398,34186.7664673074
399,34774.3475856035
400,1539677.98571556
401,5413.22951146541
402,13640.8745423088
403,129746.845924169
404,
405,61039.1827081346
406,
407,17069.0864362088
408,18760.048394118
409,10436.9165521249
410,155072.769701642
411,9469.00820178041
412,2766031.00041392
413,4515193.84362385
414,203875.271572548
415,5155.22809655802
416,202976.372449916
417,14543.9949799742
418,11838.159257732
419,18539.6680977171
421,20636.9848807744
422,734419.135222316
423,40763.361921843
424,3414.91778395946
425,
426,101287.960105187
428,2330126.26404102
429,27427.7001480291
430,
431,2787.28504628336
432,766.086666666667
433,1539677.98571556
434,42493.4811909265
435,42493.4811909265
436,
437,
438,19876.4878693216
439,638270.041922415
440,638270.041922415
441,638270.041922415
442,
443,
444,21964.0854372746
445,
446,200550.473502804
447,335403.810181978
449,638270.041922415
451,104585.976251487
453,20824.6455557068
454,56839.8565604838
455,15230.8998720022
456,
457,6194.75363619827
458,638270.041922415
459,8770.87342631878
460,767195.255310553
462,
463,33207.6934647242
464,34334.6618631963
465,254232.252469147
466,202976.372449916
467,101408.758754424
468,38979.6723316622
469,115452.668780253
470,2330126.26404102
471,2330126.26404102
472,10449.7910007349
473,1562127.95533321
474,17147.3398882613
475,4289.02609058365
478,13168.2920406084
479,7813.10845297675
481,38391.1670452066
482,
483,536732.567308521
484,9190.21403843179
485,30249.8718386802
487,13522.5664349601
488,978405.120388742
489,12828.3938579133
490,6668.8375604671
491,812154.959710401
492,98276.548104939
493,403963.677754187
494,
495,4314.48101320556
496,464988.152264535
497,1539677.98571556
498,1539677.98571556
499,1539677.98571556
500,
502,30381.380799922
503,19139.2119816536
504,8962.87790102114
505,29973.7774890613
506,58202.5698349656
507,12785.9244458807
508,
509,1562127.95533321
510,
511,2766031.00041392
512,7700.71366466286
513,638270.041922415
515,20939.0099444039
516,69089.7832275816
517,154810.524018692
518,1849.12425302376
519,561868.685991346
521,
523,638270.041922415
524,331002.062965681
525,1950.54645004606
527,144280.566739535
528,23796.184455275
529,
530,
531,4154.55223835557
532,1022287.06663504
533,32965.8038411536
534,23752.7373135499
535,15601.6111534929
536,4515193.84362385
537,75990.0158172613
538,422424.692948578
539,4515193.84362385
541,
542,
544,13378.908057003
546,10093.6907295177
547,2942.40756624305
548,281377.9529347
549,519254.382200659
550,
551,2567.01995653471
688,
552,7926.28955962941
553,14017.14984944
554,
555,80863.5514675932
557,638270.041922415
558,81201.7441759194
559,10934.303410691
562,
563,110306.047960151
564,17928.1507954738
565,46450.1776927798
567,1824430.1627795
568,1824430.1627795
569,591661.149176464
570,24667.0744648133
571,215263.733870966
573,17306.3182478409
574,23037.8738998989
576,42898.526103787
577,11040.0821883822
578,1824430.1627795
579,20971.875509895
580,57748.9456042062
581,10012.499298849
582,
583,45036.0090595624
584,4026.81540583136
585,12217.2944590355
586,
587,4515193.84362385
589,380144.941739462
590,14669.9554802018
591,221344.023922742
593,
594,5706.37425925926
595,549826.131273437
597,549826.131273437
598,
599,2330126.26404102
600,2766031.00041392
602,767195.255310553
604,1223.3932309143
605,465235.519772778
606,465235.519772778
607,7830.02966641233
608,
609,465235.519772778
611,676351.365502637
612,2141160.93535167
613,38794.808400586
614,32892.0581237341
615,638270.041922415
616,37222.3173186964
617,2847.89766720377
619,
691,
621,
622,4515193.84362385
623,4515193.84362385
624,4515193.84362385
625,
626,6597.360227822
627,9109.18464757298
628,
629,962076.184862206
630,4515193.84362385
631,57314.0364152196
632,
633,
634,15161.3122354627
635,12975.8676072787
638,49386.4269153244
639,76819.219825749
640,169054.774849194
642,116321.612635727
643,
644,59573.7195991499
647,85667.7480430061
648,49863.9922204438
649,118549.626049472
650,31808.3013542873
651,
654,129746.845924169
655,1562127.95533321
656,
657,43448.1352297714
658,30207.1500448046
659,21522.3996951524
660,3460.75662298047
661,11219.0652029172
662,91021.1720346694
663,38507.5790658352
664,34381.1508253641
665,3661.60699853319
666,2856.39137139346
667,
668,
669,30237.4810546175
670,
671,30629.1114764179
672,2211.93993015244
673,11625.0505852414
674,37571.8152601461
675,
676,
677,2318.46107054919
679,7623.2339986565
681,22264.6003774352
682,
684,306153.078780565
686,2905.03037794625
689,
690,14793.6757098963
692,19071.4010885422
693,4515193.84362385
694,14258.7894884725
695,7751.95586011369
696,18391.0556999166
697,166721.745254952
698,
699,83956.8965159088
700,47382.0771948189
701,1562127.95533321
702,
703,205239.423398719
704,519254.382200659
705,4210.44925571993
706,18449.2013226335
707,
708,
709,555525.011159652
710,13229.729053444
711,778.584314589313
712,450821.460009594
713,119991.739884391
714,
716,264704.354208352
717,13774.2611987335
718,6358.64556978605
719,185735.512949474
720,1041109.49861828
721,
722,24001.3751542692
723,1154127.18061306
724,
725,9160.3372653218
726,4515193.84362385
727,
816,5876.02783877777
728,734419.135222316
729,21642.0901099624
731,212579.998020428
732,36015.3058460508
734,8435.04709131609
735,202976.372449916
736,5574.37612934823
737,2711.92397145537
738,
739,
740,2548.1176570288
741,8140.24802992205
742,15623.0924633286
743,4515193.84362385
744,5903.74161276632
745,207.782222222222
746,9489.27267169153
747,22764.4370483176
748,
749,1539677.98571556
751,15895.1411799359
752,5201.2569047619
753,5362.137679518
754,1236455.27451594
755,6603.81205816084
757,17367.709936361
759,
760,
761,9336.05982103265
762,12489.9043766855
763,
764,
765,465235.519772778
766,11805.7078601051
767,29499.8532567891
768,132422.323052812
769,5385.00457321058
770,62838.2765410673
772,
773,1539677.98571556
774,10648.2901675403
775,5789.22716817427
776,38665.1140484108
778,4538.34387726877
779,9701.50678754086
780,1920.3919754232
781,2900.10664404636
782,4297.66433964119
783,120553.255412571
784,15774.5390169468
785,5368.10919303242
786,4623.45150728495
787,
788,
789,19271.7971501179
790,265935.937041399
792,1445.50166666667
793,
794,25525.4278333333
795,11208.7033844681
796,37905.1301836097
797,9169.6291751895
798,
799,4515193.84362385
800,4515193.84362385
801,
802,403963.677754187
803,4515193.84362385
804,1098.61701692471
805,
806,9401.05135184802
807,1562127.95533321
808,1382.22787671233
809,767195.255310553
810,2543.46766666667
811,1681.52621336928
814,
815,501.066699029127
817,4729.50213318953
818,18290.2497358542
819,
821,4515193.84362385
822,17061.9265975952
823,
824,19797.0484428129
825,205239.423398719
826,205239.423398719
827,
828,129746.845924169
829,
830,
831,107604.352086062
832,2327.45936518766
833,1626.49866211962
834,23228.5316966936
835,4515193.84362385
836,30575.5491944788
837,
838,13997.1227021565
839,5379.20437037037
840,9025.44698386834
842,5342.95707135949
843,
844,39091.2629429156
845,33229.3583472161
846,25298.1286417973
847,536203.672981841
848,4515193.84362385
849,
850,9095.40088282084
851,13175.3563313967
852,
853,17517.3777777778
854,638270.041922415
855,4515193.84362385
856,
858,1855.03973363077
859,26082.7333089031
860,4187.30414423923
862,13059.8650080034
863,11165.3179937497
864,9864.26298611912
865,
869,91021.1720346694
870,7671.89112390633
871,
872,8971.6288010112
873,1539677.98571556
874,3291.10944187752
877,3887.86470985943
878,1954.36905132405
879,11446.0473226707
880,
881,150029.803772886
882,6421.39983529055
883,13026.1755931637
884,15538.1362860069
886,36811.1593239312
887,4218.50373319572
888,
889,
890,11146.0690357419
891,
892,
893,
894,12775.0623346416
895,17631.5202224081
896,
897,
898,5161.97141366714
899,78375.3980949835
900,4515193.84362385
901,
902,4515193.84362385
904,4515193.84362385
905,1359.56671658615
906,10013.5136786146
908,18378.1678336945
909,1936.72263565918
910,7465.37702068327
911,72637.7060355291
912,57262.7848763942
913,
915,226190.830726281
916,
917,80799.0682281391
918,12947.11
919,116195.478109465
920,15277.4776739576
921,154810.524018692
922,4487.22000073072
923,21954.0753665458
924,4981.21417416889
925,202976.372449916
926,25033.7215997357
927,1072632.08011126
928,1072632.08011126
930,1072632.08011126
931,1072632.08011126
932,9218.83727476314
933,3506.75284206904
934,1072632.08011126
935,1072632.08011126
937,4515193.84362385
939,2141160.93535167
940,12616.3222508788
941,
942,2330126.26404102
943,101287.960105187
945,3205.0967432213
946,2363.56563954051
947,
948,1236455.27451594
949,3999.31104820983
951,6088.19359081749
954,205239.423398719
955,265935.937041399
956,37872.1431928086
957,155072.769701642
958,
959,36482.8935486545
960,4641.25759983484
961,23606.182305754
962,77802.9717423159
963,101408.758754424
964,33238.1781856194
965,3199.82718705645
966,
968,
969,4669.06020886499
970,
971,15399.3243029211
972,63939.2728302815
973,82916.9463614466
976,4026.96940883195
977,
978,1590.00285562633
979,403963.677754187
980,403963.677754187
981,
982,
983,
984,95369.7935707213
985,1114.40511494253
986,4471.68885196303
987,2518.80462005091
988,3721.44258061194
989,11581.6139131111
990,2269.81112106149
991,
992,5207.40636006912
993,2928.78404387789
994,150585.600918624
995,2814.60294834599
996,
997,
998,2231.97094020362
999,10800.2903864337
1000,
1001,2407256.86154646
1002,3801.68
1003,80604.0121412732
1004,
1005,2141160.93535167
1006,
1009,6300.46424446166
1010,40763.361921843
1011,72637.7060355291
1012,9983.22764362168
1014,4748.27407319599
1015,549826.131273437
1016,4515193.84362385
1017,4515193.84362385
1018,3752.38370367083
1019,120553.255412571
1020,638270.041922415
1021,14579.4581366073
1022,
1023,5039.84618495797
1024,4515193.84362385
1026,244.132945643411
1028,
1029,67318.2441019735
1030,1430.21
1031,2860.58207885305
1032,37523.9869758208
1033,
1035,441.033333333333
1037,9939.76927766648
1038,4579.83090542097
1040,35857.4701097188
1041,38935.2451809178
1042,5415.58934872134
1043,
1044,7814.08177480551
1045,5677.30594702273
1046,
1047,383.498363636363
1048,
1049,2766031.00041392
1050,5808.64518518518
1051,20223.4289701732
1052,
1053,422.183288633461
1054,13430.6958977828
1055,1072632.08011126
1056,3018.25858392144
1057,
1058,12956.0226983706
1060,1539677.98571556
1061,
1062,
1063,4515193.84362385
1064,4515193.84362385
1066,4515193.84362385
1067,18066.0535067475
1068,1022287.06663504
1070,
1071,4314.22757907542
1072,267624.551563416
1074,
1075,
1076,1562127.95533321
1077,5984.23399968419
1078,638270.041922415
1079,135177.715276813
1080,2141160.93535167
1081,2141160.93535167
1083,4588.79882167194
1084,49093.8702014935
1085,79645.4170110361
1086,49568.7949348999
1087,
1088,4996.80621243483
1090,9750.81188102669
1091,588662.41350285
1092,
1095,
1096,1449.19971343406
1097,2357.55000005528
1098,676351.365502637
1100,1014.56652046784
1101,7490.7190677771
1102,6305.29474299946
1103,
1104,4123.09719569779
1105,17600.5656052692
1107,8725.04049127722
1108,4020.40638684351
1110,12086.4936392262
1111,254232.252469147
1112,
1113,2554.57740740741
1115,4515193.84362385
1116,7168.91154533794
1117,
1118,4515193.84362385
1119,422424.692948578
1120,15169.5380152158
1121,132422.323052812
1122,4683.04222222223
1123,34461.8600545874
1125,1022287.06663504
1127,422424.692948578
1128,
1129,4515193.84362385
1130,20774.9163693185
1131,11765.5207342456
1132,1022287.06663504
1133,
1134,177941.172780835
1135,60570.916984814
1136,11629.5775031623
1137,1562127.95533321
1138,1562127.95533321
1139,760282.102950947
1140,2364.35872037478
1141,
1142,92162.1442234256
1143,
1144,8721.92689208635
1146,10419.0029272263
1147,3628.14047333369
1149,7090.42095249795
1150,2281.13908882071
1152,
1154,
1155,2285.78636550585
1157,1539677.98571556
1158,20399.8593315912
1159,5324.62873311978
1160,5235.05699873138
1161,8462.14551579125
1162,
1163,4515193.84362385
1165,144280.566739535
1166,4515193.84362385
1167,442404.042164225
1168,442404.042164225
1169,65065.7940004208
1170,4515193.84362385
1171,4515193.84362385
1172,
1174,1539677.98571556
1176,
1177,47382.0771948189
1178,9844.27647296516
1179,3341.87031095789
1181,203875.271572548
1182,4515193.84362385
1183,638270.041922415
1184,
1185,26219.4297271531
1187,9104.556871027
1188,
1189,
1190,17234.0341818884
1191,
1192,
1193,
1194,5999.24869301713
1195,19451.1716815979
1197,4515193.84362385
1198,295090.121464358
1200,2781.41623022615
1201,19485.1965237119
1202,4515193.84362385
1203,1154127.18061306
1204,1154127.18061306
1205,
1206,6880.87374502124
1207,22606.0202720103
1209,18374.8396644894
1210,28156.5627117454
1211,4515193.84362385
1212,1562127.95533321
1214,
1215,5693.86290032144
1216,
1217,9229.84944180114
1218,1449989.74756223
1219,72637.7060355291
1220,358813.018199414
1221,8300.40347717501
1222,1562127.95533321
1223,4515193.84362385
1224,79622.9371340837
1225,5020.24226638008
1227,4515193.84362385
1228,4515193.84362385
1229,4515193.84362385
1230,51314.953391389
1231,4420.35632266354
1232,9542.37081061035
1233,4515193.84362385
1235,760282.102950947
1236,760282.102950947
1237,760282.102950947
1238,760282.102950947
1239,760282.102950947
1240,
1241,732318.676343648
1242,
1243,4515193.84362385
1244,
1245,
1248,536203.672981841
1249,4515193.84362385
1250,49568.7949348999
1251,760282.102950947
1252,2330126.26404102
1253,638270.041922415
1255,1041109.49861828
1256,536203.672981841
1257,2766031.00041392
1258,2766031.00041392
1259,588662.41350285
1260,4515193.84362385
1261,28160.1418563688
1262,6903.12989124343
1263,4515193.84362385
1264,4515193.84362385
1265,4515193.84362385
1266,4515193.84362385
1268,4515193.84362385
1269,4515193.84362385
1270,24960.5876256516
1271,1562127.95533321
1272,82784.5837841744
1273,
1275,148483.585582477
1276,148483.585582477
1277,812154.959710401
1278,34271.9339589158
1280,4515193.84362385
1281,
1282,4515193.84362385
1284,
1285,200550.473502804
1286,
1288,10586.0967483861
1289,3000.29523863548
1290,3330.9233701412
1291,169961.377574828
1293,27942.3053476452
1294,1824430.1627795
1295,35691.4733439424
1296,1093.02
1297,8995.26654539113
1299,144956.220470591
1300,9474.18395841877
1301,41042.1696819282
1302,5534.94279168271
1303,56968.4065468275
1304,8962.67606598842
1305,
1306,
1307,23081.9140025542
1309,36281.2599301759
1310,8057.95786281291
1311,207932.541738068
1312,555525.011159652
1313,638270.041922415
1315,169054.774849194
1316,4515193.84362385
1318,638270.041922415
1319,135177.715276813
1320,101819.945542356
1323,20081.1600931097
1324,
1325,2766031.00041392
1326,2766031.00041392
1327,
1328,2179.78433051289
1329,18135.2703816353
1330,117922.556803755
1331,1159.70496296296
1332,2913.42594142384
1333,14534.562966568
1336,962076.184862206
1337,331002.062965681
1338,
1339,23020.5152241645
1340,835.671463461015
1341,115587.303237934
1342,4515193.84362385
1343,1562127.95533321
1344,56968.4065468275
1345,
1346,66500.3898226009
1347,5936.56548148148
1348,1236455.27451594
1349,380486.522325511
1350,
1351,380486.522325511
1352,135177.715276813
1353,140209.076601915
1354,6664.01272021001
1355,45843.896529732
1356,
1357,4515193.84362385
1358,198777.507555
1362,16296.9411491614
1363,3899.64128358525
1364,9169.40445759942
1365,1236455.27451594
1366,13319.6708170094
1367,4515193.84362385
1368,
1369,19216.7150552579
1370,
1371,4515193.84362385
1372,295090.121464358
1373,10134.2682197578
1375,9692.88186276658
1376,78849.3895198213
1377,148330.515373436
1378,6228.63777344097
1379,
1380,3096.22423928963
1381,1646.76991869919
1383,18386.3302355554
1386,177941.172780835
1387,4515193.84362385
1388,4515193.84362385
1389,
1391,331015.935137187
1392,273000.032954385
1393,34857.5432663338
1394,
1395,22138.6182796751
1397,753953.921895901
1399,4865.94931869025
1400,
1401,33186.9877760444
1402,9603.00473504788
1404,1539677.98571556
1405,34857.5432663338
1406,200550.473502804
1407,4515193.84362385
1408,3061.86911772822
1409,16203.3435226625
1410,11626.9064814815
1411,1600792.02639887
1412,4091.20378696742
1413,7813.33294302374
1414,13116.5773565811
1416,132422.323052812
1417,
1420,12934.8244814291
1423,4069.82881125007
1424,591661.149176464
1425,
1426,2360.972520908
1427,15296.4839551899
1428,1600792.02639887
1429,1600792.02639887
1430,1600792.02639887
1431,
1432,1600792.02639887
1433,1600792.02639887
1434,1600792.02639887
1435,
1436,1870.07317738623
1437,1022287.06663504
1438,
1439,425761.668653713
1440,
1441,331015.935137187
1442,135177.715276813
1443,1562127.95533321
1444,39850.4118017738
1445,11049.3936668566
1446,1600792.02639887
1449,21348.0615365982
1450,4515193.84362385
1495,1539677.98571556
1451,49571.8999254074
1453,30837.6929130096
1454,24027.5716374481
1455,15085.4166381768
1456,588662.41350285
1457,4515193.84362385
1458,
1459,4515193.84362385
1463,
1464,
1465,
1466,
1467,3331.86855450691
1468,101223.902596389
1469,15594.4964935832
1470,2456.68614797864
1471,
1472,
1473,1539677.98571556
1474,1072632.08011126
1475,1072632.08011126
1476,273000.032954385
1477,20246.9626776608
1478,1664.04505317672
1479,2002.40353954291
1480,6082.64574585395
1481,20722.3780638618
1482,
1483,
1484,
1486,26767.7949636495
1487,4515193.84362385
1488,110306.047960151
1489,339.649230769231
1490,79645.4170110361
1491,5243.14539115646
1492,
1493,561868.685991346
1494,469.919245283018
1496,734419.135222316
1497,44461.1478618821
1498,
1501,5067.05120485359
1504,734419.135222316
1505,555525.011159652
1506,200550.473502804
1508,3917.01728149974
1509,2286.5825026455
1511,
1512,2999.75183272826
1513,65173.9468907741
1514,7370.86003280919
1515,149058.051616033
1516,208835.808477042
1517,
1519,37837.6803909109
1520,
1521,276171.761485478
1522,27428.7477715364
1525,
1526,5101.96735266318
1528,
1529,65173.9468907741
1530,
1532,16054.6787037037
1533,25414.7704729714
1534,2219.93307383698
1535,
1536,455166.019918218
1537,6951.57294764926
1538,
1539,4515193.84362385
1540,
1541,3765.36574074074
1542,205239.423398719
1543,760282.102950947
1544,14948.5041086188
1545,842.587142857144
1546,464988.152264535
1547,3440.23838412584
1548,50584.435417673
1549,1072632.08011126
1550,4389.41477913174
1552,3351.41820912314
1553,282815.340198951
1554,29973.7774890613
1555,
1556,734419.135222316
1557,4123.63785004193
1558,17218.5560869195
1559,4515193.84362385
1560,22593.5073103061
1561,
1562,41739.8411198334
1564,1970.6162685247
1565,1963.37997321862
1566,
1567,5013.81570325165
1571,4515193.84362385
1572,120553.255412571
1573,984.811954528788
1575,30629.1114764179
1576,549826.131273437
1577,5936.04821548822
1578,282815.340198951
1579,54799.3524339289
1581,1562127.95533321
1582,11323.4880390484
1583,
1584,1600792.02639887
1585,2899.89460687686
1586,4515193.84362385
1587,253041.613129084
1588,
1589,1562127.95533321
1590,6892.98798825785
1591,2472.47191555022
1592,6466.95898906057
1593,4254.80550769431
1594,89313.721543013
1596,
1597,1562127.95533321
1599,1562127.95533321
1600,
1601,7276.96340697941
1603,734419.135222316
1604,117589.407264176
1606,
1607,1539677.98571556
1608,3474129.96629439
1609,
1610,
1611,101819.945542356
1612,6484.51073292517
1614,536203.672981841
1615,4515193.84362385
1616,4515193.84362385
1617,4515193.84362385
1618,465235.519772778
1619,
1620,10223.2381895126
1621,1853.26787490492
1622,17985.7971490873
1625,120553.255412571
1627,117589.407264176
1628,331002.062965681
1629,3333.71064755701
1630,66800.8827153344
1631,17928.1507954738
1633,986.10205480409
1634,13116.7436111111
1635,18377.6363229247
1636,40460.0271863537
1637,17459.0769464982
1638,1562127.95533321
1639,1072632.08011126
1640,
1641,1072632.08011126
1642,205239.423398719
1643,
1644,3474129.96629439
1645,549826.131273437
1646,265935.937041399
1647,17561.6829118615
1648,331002.062965681
1649,88747.5017362038
1650,147886.45508396
1651,16743.0261125836
1652,
1653,112235.302475962
1654,
1655,422424.692948578
1656,1745.03383084577
1657,
1658,
1659,92180.3046040841
1660,
1661,4515193.84362385
1662,
1663,4197.77734204793
1664,132422.323052812
1665,2330126.26404102
1666,4515193.84362385
1668,253041.613129084
1670,200550.473502804
1671,
1672,3261.96412570738
1673,273000.032954385
1675,
1676,16220.9795477706
1677,
1678,
1679,282815.340198951
1680,31440.1078104012
1681,4515193.84362385
1682,
1683,4515193.84362385
1684,28690.4910791823
1687,3060.48232513704
1688,
1689,19963.7851063327
1690,28784.0345950775
1691,
1692,47056.0195018769
1693,11035.6500592112
1694,
1695,
1697,185735.512949474
1698,4515193.84362385
1699,1539677.98571556
1700,
1701,676351.365502637
1702,28784.0345950775
1703,4515193.84362385
1704,3267.94137005373
1705,
1706,51314.953391389
1707,1162.87015693877
1709,976.936305508141
1710,135177.715276813
1711,2141.64593832662
1712,1285.38048012115
1713,
1714,
1715,380144.941739462
1716,1072632.08011126
1717,4515193.84362385
1718,13980.0404630554
1719,6879.20482846017
1720,15687.1657079188
1721,753953.921895901
1722,
1723,1824430.1627795
1725,3300.6677430688
1726,4358.2801440945
1727,
1728,
1729,12372.9549503552
1730,7519.7474495931
1731,7542.86918816498
1733,3314.88815794406
1735,
1736,29412.5999920282
1737,2766031.00041392
1738,
1739,60675.331910535
1740,3474129.96629439
1741,267624.551563416
1742,131577.270218811
1744,1539677.98571556
1745,3474129.96629439
1746,253041.613129084
1747,
1748,2407256.86154646
1749,588662.41350285
1750,8413.06498943256
1751,425761.668653713
1753,92320.0722996511
1755,2234.91947669932
1756,
1758,253041.613129084
1759,1553.59799281697
1761,4515193.84362385
1762,140209.076601915
1763,1562127.95533321
1764,380144.941739462
1765,94062.9830770332
1766,140209.076601915
1767,11026.6034221468
1769,221344.023922742
1770,1600792.02639887
1771,1952.28409090909
1772,25326.612224167
1773,2766031.00041392
1775,5709.7596721318
1776,144956.220470591
1777,38979.6723316622
1778,61039.1827081346
1779,453403.119947508
1780,2292.94377777777
1781,1007.82036943127
1782,1365.77472222222
1783,13638.9239797323
1784,3328.41546635641
1785,6372.44603929733
1786,20659.7965045947
1790,760282.102950947
1791,
1792,7238.51291211658
1793,3117.23092112037
1796,3474129.96629439
1797,
1798,
1800,57262.7848763942
1801,72637.7060355291
1802,17305.1520967154
1803,549826.131273437
1804,14543.9949799742
1805,
1806,92320.0722996511
1807,
1810,56759.4495224855
1812,3716.20095616217
1813,2141160.93535167
1814,519254.382200659
1815,1154127.18061306
1816,56759.4495224855
1817,3781.92515232688
1818,
1820,
1821,10906.5420530912
1822,19712.2528522559
1823,
1825,
1826,2141160.93535167
1827,3620.35777777778
1828,38764.9894904379
1829,14631.705605857
1830,13319.1458738164
1831,16967.6224691011
1832,39844.0176281682
1833,10320.5113668872
1834,11245.5025276972
1836,
1837,222549.307864111
1838,
1839,
1840,2461.65688792125
1841,536732.567308521
1844,5896.88564278486
1845,465235.519772778
1846,
1847,450821.460009594
1848,6564.84654384316
1849,422424.692948578
1850,12220.8425284527
1852,
1854,86539.5887242245
1855,30237.4810546175
1856,
1857,4515193.84362385
1859,1064.36055555556
1860,491120.606737117
1864,324771.024830931
1865,1449989.74756223
1866,169054.774849194
1867,2141160.93535167
1868,
1870,2141160.93535167
1871,150585.600918624
1873,4515193.84362385
1875,3179.68968945736
1876,
1877,86539.5887242245
1878,2891.97617327053
1879,14782.4857939503
1880,1041109.49861828
1881,3737.94587085802
1883,253041.613129084
1884,786.697782549042
1886,9858.63397301789
1887,
1888,
1889,
1891,295090.121464358
1892,
1893,3780.29286982937
1894,
1895,15787.7806865897
1897,465235.519772778
1898,
1900,10578.8305706714
1902,
1903,3474129.96629439
1904,549826.131273437
1905,
1906,
1907,4515193.84362385
1908,
1909,4515193.84362385
1910,734419.135222316
1911,253041.613129084
1912,
1913,17631.5202224081
1914,
1915,4515193.84362385
1916,4515193.84362385
1917,1009.38314785373
1920,
1921,1539677.98571556
1922,
1923,549826.131273437
1924,
1925,5180.46755407191
1926,31187.215554515
1928,7959.11825190061
1929,47243.6952323333
1931,
1932,43448.1352297714
1934,1600792.02639887
1935,4515193.84362385
1936,380486.522325511
1937,
1938,20580.891836283
1939,1105.61732015103
1940,767195.255310553
1941,85955.4015374964
1942,85667.7480430061
1943,
1945,638270.041922415
1946,
1947,31187.215554515
1948,
1950,3272.6694864208
1951,2330126.26404102
1952,1824430.1627795
1953,2570.75288234717
1954,453403.119947508
1955,
1956,64864.4870882352
1957,453403.119947508
1958,4515193.84362385
1959,119991.739884391
1960,1750.53965741925
1961,7637.10404914319
1962,1449989.74756223
1963,29973.7774890613
1964,
1965,39850.4118017738
1966,651814.716216725
1967,
1968,164514.735025622
1969,3192.44694815166
1970,154810.524018692
1971,
1972,732318.676343648
1973,962076.184862206
1974,
1975,2141160.93535167
1976,
1977,3474129.96629439
1978,39850.4118017738
1979,80863.5514675932
1980,119991.739884391
1981,24012.2308503834
1983,
1985,4515193.84362385
1987,1600792.02639887
1988,331015.935137187
1989,732318.676343648
1991,19216.7150552579
1993,15601.6111534929
1994,3075.35852237171
1995,1041109.49861828
1996,4515193.84362385
1997,
1998,132422.323052812
1999,7623.2339986565
2000,1041109.49861828
2001,978405.120388742
2002,978405.120388742
2003,978405.120388742
2004,978405.120388742
2005,978405.120388742
2006,4515193.84362385
2007,978405.120388742
2008,
2010,
2011,978405.120388742
2012,978405.120388742
2013,17789.3888189715
2014,
2016,
2017,
2019,
2021,
2022,
2023,
2024,17234.0341818884
2025,
2026,962076.184862206
2027,1154127.18061306
2029,
2030,264704.354208352
2031,2330126.26404102
2032,
2033,4406.50031762085
2034,19411.0039285723
2035,47382.0771948189
2036,
2037,57748.9456042062
2038,
2039,
2041,
2042,4515193.84362385
2043,766.086666666667
2044,962076.184862206
2045,10632.6413787425
2047,
2048,734419.135222316
2049,4515193.84362385
2051,
2052,5340.41259259259
2053,569.987500000001
2054,1154127.18061306
2055,5380.12788391602
2056,
2057,
2058,208835.808477042
2059,4515193.84362385
2060,4515193.84362385
2061,536732.567308521
2062,18758.1112056946
2063,4818.53098191214
2064,
2065,5411.67782097807
2067,76819.219825749
2069,
2071,205239.423398719
2073,2515.05445155412
2075,0.0
2076,9647.3025265444
2077,101223.902596389
2078,2638.65954034473
2079,914040.83906528
2080,6934.77750016967
2081,
2082,317.833620689656
2083,208835.808477042
2084,
2085,5391.5865436389
2086,57314.0364152196
2087,2673.63976945873
2088,2315.17493488801
2089,1072632.08011126
2090,81201.7441759194
2092,4515193.84362385
2093,240237.223862608
2094,13029.368394116
2095,5313.39217340382
2097,3147.02756025868
2098,154323.958349625
2099,403963.677754187
2100,2723.19656901335
2101,
2102,57314.0364152196
2103,
2104,324771.024830931
2105,708.471423926409
2106,3685.81245929121
2107,70465.0583088609
2108,62199.4039726776
2109,
2110,2775.86145001355
2112,
2113,101408.758754424
2114,
2115,49295.9370212433
2117,327934.292151121
2118,327934.292151121
2119,3474129.96629439
2122,3077.25839270677
2123,
2124,327934.292151121
2125,3474129.96629439
2126,3474129.96629439
2127,3474129.96629439
2129,
2130,1449989.74756223
2131,
2133,
2134,
2135,
2137,248.651145658737
2138,
2140,
2141,7666.19433522706
2142,638270.041922415
2143,
2144,
2145,638270.041922415
2146,
2147,
2148,3474129.96629439
2149,
2150,
2151,3474129.96629439
2154,221344.023922742
2155,3474129.96629439
2156,
2157,20580.891836283
2158,4515193.84362385
2159,3474129.96629439
2160,3474129.96629439
2161,3474129.96629439
2162,3474129.96629439
2164,914040.83906528
2167,914040.83906528
2168,914040.83906528
2169,914040.83906528
2170,1152.67259186224
2172,914040.83906528
2174,
2175,1997.4229963876
2176,1539677.98571556
2178,453403.119947508
2179,1717.62020916024
2180,
2182,1449989.74756223
2183,1449989.74756223
2184,1449989.74756223
2185,4515193.84362385
2186,1449989.74756223
2187,3474129.96629439
2188,1449989.74756223
2189,8158.34001905111
2190,2021.33594506976
2191,9799.66868601944
2192,2513.95333333333
2194,2199.62465391245
2196,1449989.74756223
2197,1449989.74756223
2198,1449989.74756223
2199,1449989.74756223
2200,4515193.84362385
2203,1449989.74756223
2204,5069.92842342243
2205,1449989.74756223
2206,1449989.74756223
2208,1449989.74756223
2209,253041.613129084
2210,301.77
2211,14669.9554802018
2212,380144.941739462
2213,331002.062965681
2214,380144.941739462
2215,380144.941739462
2288,
2216,380144.941739462
2217,226190.830726281
2218,
2219,
2220,32623.6079106341
2221,
2222,1072632.08011126
2224,49386.4269153244
2225,33290.5127750267
2226,42898.526103787
2227,1449989.74756223
2228,
2229,1449989.74756223
2230,1449989.74756223
2231,20580.891836283
2232,4515193.84362385
2233,
2234,734419.135222316
2235,4515193.84362385
2237,676351.365502637
2238,
2239,
2242,2330126.26404102
2243,2561.29892419129
2244,
2245,1600792.02639887
2246,1449989.74756223
2247,394.676927057306
2248,1449989.74756223
2249,1449989.74756223
2251,37225.5296897244
2252,
2253,
2254,
2255,1154127.18061306
2256,4515193.84362385
2257,
2258,
2259,33260.2106945078
2260,1562127.95533321
2261,
2263,2330126.26404102
2264,273000.032954385
2265,4515193.84362385
2266,
2267,327934.292151121
2268,4515193.84362385
2269,
2270,4515193.84362385
2271,4421.49931188382
2272,
2273,43543.6010094306
2274,
2275,380144.941739462
2276,1278.31776864855
2278,3474129.96629439
2279,
2280,
2281,4515193.84362385
2282,1154127.18061306
2285,
2286,1524.19655270655
2287,805.377393939395
2289,978405.120388742
2290,
2291,1539677.98571556
2292,4515193.84362385
2293,11262.8025900465
2295,
2297,
2298,46279.5422376082
2299,588662.41350285
2300,
2301,
2302,
2303,1154127.18061306
2304,3269.92066666666
2305,753953.921895901
2307,
2308,
2309,94062.9830770332
2310,914040.83906528
2311,11518.609781426
2312,77802.9717423159
2313,380144.941739462
2314,4515193.84362385
2315,8820.09275731263
2316,3153.08205162045
2317,4515193.84362385
2318,932.524043528064
2319,
2320,10681.1185627678
2322,3474129.96629439
2323,3474129.96629439
2324,
2325,45747.3196445784
2326,4515193.84362385
2327,2766031.00041392
2328,
2329,2354.54555156779
2330,3746.19185185185
2331,
2332,442404.042164225
2333,1562127.95533321
2335,11262.8025900465
2336,2766031.00041392
2338,
2339,1012.72385941383
2340,
2342,335403.810181978
2343,
2344,5595.16595680365
2345,
2346,4515193.84362385
2348,15522.2876010101
2349,6552.90534134266
2350,
2351,76083.325920577
2352,14625.6117197362
2353,4515193.84362385
2354,380486.522325511
2355,4515193.84362385
2356,3474129.96629439
2357,3474129.96629439
2358,3474129.96629439
2359,3474129.96629439
2360,3474129.96629439
2361,5807.92758265215
2362,282815.340198951
2363,4515193.84362385
2364,4515193.84362385
2365,118549.626049472
2366,
2369,
2370,
2371,2120.95129799524
2372,11387.4917282459
2373,93076.8049577019
2374,93076.8049577019
2375,380144.941739462
2377,380144.941739462
2378,3867.95567670405
2381,
2383,7410.77736693323
2384,43646.8885319043
2385,38979.6723316622
2387,1539677.98571556
2389,23692.9808126399
2391,23692.9808126399
2392,4515193.84362385
2393,2141160.93535167
2394,491120.606737117
2395,
2396,1800.03957894737
2397,45199.8499292071
2398,3775.25727941177
2399,295090.121464358
2400,327934.292151121
2401,4515193.84362385
2402,3662.42397124632
2404,4981.21417416889
2405,
2406,18760.048394118
2407,4515193.84362385
2408,1244.87974359834
2409,15119.7796568932
2411,1021.29335850413
2412,1041109.49861828
2413,
2414,47382.0771948189
2415,74787.9011121284
2417,40763.361921843
2418,962076.184862206
2419,
2421,2766031.00041392
2422,
2424,4515193.84362385
2425,
2427,198777.507555
2428,1867.87258939974
2429,49093.8702014935
2430,37571.8152601461
2431,28784.0345950775
2432,1449989.74756223
2433,1449989.74756223
2434,11197.6718896481
2435,5201.22281203959
2437,4515193.84362385
2438,4515193.84362385
2439,
2440,
2441,1562127.95533321
2442,7758.39834498415
2443,2195.45361053624
2444,4515193.84362385
2445,169054.774849194
2446,28690.4910791823
2447,732318.676343648
2448,4515193.84362385
2449,380144.941739462
2450,2549.76033270743
2453,1093.43118702215
2455,2330126.26404102
2456,17145.558905942
2457,
2458,4515193.84362385
2459,
2460,
2462,38697.653449946
2465,
2466,208835.808477042
2467,29753.7792329592
2468,3517.96369966848
2470,9058.04253369506
2471,465235.519772778
2472,
2473,0.0
2474,8426.69468999759
2475,1449989.74756223
2476,
2477,
2478,1236455.27451594
2479,
2480,5013.82037037037
2482,2766031.00041392
2483,6098.55406175251
2484,
2485,1539677.98571556
2486,2577368.92543012
2489,
2490,2577368.92543012
2491,2577368.92543012
2492,2577368.92543012
2493,2577368.92543012
2495,2577368.92543012
2496,2577368.92543012
2497,2577368.92543012
2498,
2499,2577368.92543012
2500,2577368.92543012
2501,2577368.92543012
2502,2577368.92543012
2503,20405.1653042073
2505,
2506,2577368.92543012
2507,
2508,2577368.92543012
2509,2577368.92543012
2510,2577368.92543012
2511,2577368.92543012
2512,2577368.92543012
2514,7734.6687900203
2515,4201.09748148148
2516,2330126.26404102
2517,804.018333333333
2518,1600792.02639887
2519,16000.6052664634
2520,6338.86492975735
2521,4477.21469091024
2522,
2523,20166.8612045844
2524,154810.524018692
2525,785.908470169676
2526,7042.05366435753
2528,144280.566739535
2529,37872.1431928086
2530,107604.352086062
2531,7318.76743215115
2532,
2533,324771.024830931
2534,
2536,4515193.84362385
2538,9900.38969242502
2539,327934.292151121
2540,74787.9011121284
2541,5914.1730069487
2542,13066.6277533875
2544,235230.79896472
2545,60144.0709772571
2546,22240.9688961733
2547,235230.79896472
2548,3474129.96629439
2549,110137.840310177
2551,1449989.74756223
2552,393354.577063995
2553,
2554,
2555,2577368.92543012
2556,2351.26070460705
2557,4748.69067484708
2558,
2559,
2560,4515193.84362385
2561,1154127.18061306
2563,51145.8254584066
2565,
2566,
2567,4515193.84362385
2568,73586.0913497182
2569,455166.019918218
2570,1562127.95533321
2571,
2572,
2573,3474129.96629439
2574,203875.271572548
2575,4515193.84362385
2576,
2577,267624.551563416
2578,1449989.74756223
2581,
2582,7048.19874305934
2583,
2584,44195.929591813
2586,24180.8729380806
2587,734419.135222316
2588,101223.902596389
2589,85667.7480430061
2590,2330126.26404102
2591,5689.81036094098
2592,
2593,
2595,10301.4781006086
2597,13390.0054435928
2598,4515193.84362385
2599,276171.761485478
2600,12276.9716956425
2601,140209.076601915
2602,4515193.84362385
2603,205239.423398719
2605,
2606,16672.021900598
2607,9902.42015151543
2608,
2609,1032.71173218673
2610,388.7
2611,
2612,35975.9666358669
2614,1562127.95533321
2615,10396.6232433953
2616,72637.7060355291
2617,2577368.92543012
2618,734419.135222316
2619,429.036995884774
2620,
2621,130352.652439873
2622,14323.6403603772
2623,27.8256055363321
2624,130352.652439873
2625,
2626,1539677.98571556
2627,44195.929591813
2628,425761.668653713
2629,1329.61216719969
2630,1824430.1627795
2631,
2632,
2633,60570.916984814
2634,2577368.92543012
2635,676351.365502637
2636,19585.3679069781
2638,3539.91144949655
2639,
2640,33217.4021268617
2641,26935.8770860764
2642,267624.551563416
2643,3427.71080861244
2644,8928.31433924304
2645,
2647,3427.71080861244
2648,380486.522325511
2653,14492.8471054161
2654,2577368.92543012
2656,163101.363516471
2657,276171.761485478
2658,14435.9550862269
2659,60675.331910535
2660,734419.135222316
2661,72637.7060355291
2662,
2663,
2664,117922.556803755
2666,
2668,1154127.18061306
2669,
2670,1041109.49861828
2671,1041109.49861828
2672,2577368.92543012
2674,1562127.95533321
2675,12473.1418918967
2676,14534.562966568
2677,
2678,295090.121464358
2679,549826.131273437
2680,1022287.06663504
2681,2330126.26404102
2682,1154127.18061306
2683,978405.120388742
2684,
2685,
2686,
2687,
2690,10309.2802922377
2691,644.05299591002
2692,549826.131273437
2693,2748.05647008547
2694,1670.53386029429
2695,
2696,7629.65063410936
2697,222549.307864111
2698,2577368.92543012
2699,
2701,
2703,17204.3735651615
2706,978405.120388742
2707,
2709,
2710,
2711,53950.2646740327
2712,53950.2646740327
2713,53950.2646740327
2714,53950.2646740327
2715,53950.2646740327
2716,23703.8360567664
2717,23703.8360567664
2718,628.405064678999
2719,139072.264090914
2720,1154127.18061306
2721,
2722,38979.6723316622
2723,
2725,47382.0771948189
2726,
2727,324771.024830931
2728,
2729,18294.1700803191
2731,450821.460009594
2732,
2734,7529.34564679554
2735,198777.507555
2736,198777.507555
2737,28875.1000750692
2738,651814.716216725
2739,651814.716216725
2740,651814.716216725
2742,118549.626049472
2743,2495.33224400871
2744,1652.84037037037
2747,11793.0584971725
2749,17628.2109941112
2750,12105.1733308987
2751,20114.531932199
2753,3458.40798107579
2754,
2756,107604.352086062
2758,113942.794629713
2759,132422.323052812
2760,1449989.74756223
2762,29879.9696617869
2764,29879.9696617869
2765,281377.9529347
2766,760282.102950947
2767,3483.66895696092
2768,
2769,
2770,21058.9728622572
2771,
2772,
2773,3226.66388888888
2775,
2776,
2777,2330126.26404102
2778,
2780,2330126.26404102
2781,2330126.26404102
2782,2330126.26404102
2783,2330126.26404102
2784,2330126.26404102
2785,2330126.26404102
2786,2330126.26404102
2787,
2788,
2789,2330126.26404102
2790,2330126.26404102
2791,2330126.26404102
2793,545475.294618891
2794,2330126.26404102
2795,545475.294618891
2796,
2797,2330126.26404102
2798,2330126.26404102
2799,2330126.26404102
2800,2330126.26404102
2802,545475.294618891
2803,545475.294618891
2804,13319.6708170094
2805,46438.6696465645
2806,21695.4063291893
2807,1539677.98571556
2808,1539677.98571556
2809,1539677.98571556
2810,1539677.98571556
2811,10543.994048475
2812,565.63462962963
2813,85955.4015374964
2814,90100.8105740817
2816,2886.25715109136
2817,1352.55131481481
2818,2129.15594918046
2819,4515193.84362385
2820,2407256.86154646
2821,235230.79896472
2823,
2824,4947.95712362248
2825,164514.735025622
2826,43448.1352297714
2827,962076.184862206
2829,4515193.84362385
2830,
2831,148330.515373436
2832,163492.436519527
2833,15850.5796019901
2834,4530.61748659004
2835,1600792.02639887
2836,72140.3989220003
2837,
2838,147567.000424038
2839,39850.4118017738
2841,753953.921895901
2842,
2843,
2844,
2845,3433.59889038378
2846,
2848,
2849,
2850,37636.4730615812
2851,37225.5296897244
2852,767195.255310553
2853,3474129.96629439
2854,
2856,2647.77168692927
2857,1101.258753781
2858,17218.5560869195
2859,2577368.92543012
2861,34857.5432663338
2862,812154.959710401
2863,1600792.02639887
2864,
2865,24001.5068510573
2866,24001.5068510573
2868,4621.37740017942
2869,85816.4285233608
2870,33679.4776047513
2871,4515193.84362385
2872,962076.184862206
2873,549826.131273437
2874,150029.803772886
2875,
2876,331015.935137187
2878,4515193.84362385
2879,
2880,129037.151038187
2881,422424.692948578
2882,
2883,46391.9464447538
2884,37741.7222917802
2885,61038.0997067017
2886,46391.9464447538
2887,46391.9464447538
2888,2725.93376965152
2890,29973.7774890613
2891,380144.941739462
2892,
2893,
2895,
2896,
2897,
2898,
2899,11625.0505852414
2900,90100.8105740817
2901,2766031.00041392
2902,
2903,4515193.84362385
2904,
2905,17631.5202224081
2906,4515193.84362385
2907,4515193.84362385
2908,4515193.84362385
2909,4515193.84362385
2911,4515193.84362385
2912,26879.7710063685
2913,2305.90041607192
2914,3462.46670521883
2915,
2916,295090.121464358
2917,11047.8885171812
2918,74202.6064883434
2919,74202.6064883434
2920,43134.5112417189
2921,1734.85823129252
2922,1562127.95533321
2923,1562127.95533321
2924,4515193.84362385
2925,978405.120388742
2926,2577368.92543012
2927,8985.87621180609
2928,
2930,812154.959710401
2931,
2933,169961.377574828
2935,61039.1827081346
2936,
2937,
2938,119991.739884391
2939,139072.264090914
2940,133507.490564792
2941,6052.73625091174
2942,8664.04908586943
2943,
2944,139072.264090914
2946,8854.83530021207
2947,89313.721543013
2948,
2949,8144.87370467611
2951,
2952,70481.8832816285
2953,26449.0497682917
2955,9929.75794839355
2956,
2957,17461.9412953171
2959,10821.5817255071
2960,
2961,464988.152264535
2962,198777.507555
2963,2766031.00041392
2964,2766031.00041392
2965,2766031.00041392
2967,2766031.00041392
2968,2766031.00041392
2969,2766031.00041392
2970,30249.6197639476
2971,8761.16055808723
2972,46424.3827958012
2973,281377.9529347
2974,
2975,
2977,
2978,44394.7997217566
2979,
2980,4515193.84362385
2981,4515193.84362385
2982,79010.6527854892
2983,
2985,
2986,
2987,5437.11183459088
2988,
2989,7730.75662879533
2990,5333.70950025819
2991,
2993,169054.774849194
2994,129669.91971669
2995,148330.515373436
2996,
2997,549826.131273437
2998,
2999,
3000,226190.830726281
3001,331002.062965681
3002,200550.473502804
3003,
3005,2330126.26404102
3006,2330126.26404102
3007,2330126.26404102
3009,2330126.26404102
3010,2330126.26404102
3011,2330126.26404102
3012,2330126.26404102
3013,2330126.26404102
3014,2330126.26404102
3015,39575.5883889427
3016,34857.5432663338
3017,4515193.84362385
3018,
3019,2723.1605850784
3020,169054.774849194
3021,15042.4985760054
3022,23890.3619864639
3023,
3024,5526.72733575728
3025,15443.6412865725
3026,
3027,
3028,41410.2616294782
3029,66729.9353496502
3030,867.74584306096
3031,4355.06436797378
3032,43532.7469038235
3034,1824430.1627795
3035,
3036,145726.969296555
3037,145726.969296555
3038,49093.8702014935
3039,198777.507555
3040,84016.7692778554
3041,1344.89228629791
3042,9363.33041873393
3043,2765.18726210047
3044,
3045,
3046,20892.2109240273
3047,1515.80750474245
3048,1824430.1627795
3049,
3050,164514.735025622
3051,
3052,44394.7997217566
3053,1022287.06663504
3055,273000.032954385
3056,331002.062965681
3058,760.402720306514
3059,46450.1776927798
3060,4515193.84362385
3061,
3062,28962.9940758946
3063,193679.214642997
3064,193679.214642997
3065,2869.65648975792
3066,3903.67956508337
3067,
3068,4515193.84362385
3070,
3071,1072632.08011126
3072,4437.55287261619
3073,2807.72564302486
3074,
3075,465235.519772778
3076,
3077,115452.668780253
3078,1539677.98571556
3079,
3080,18031.4885670664
3081,2063.50027120184
3083,
3084,
3085,15504.5706660998
3087,
3088,75990.0158172613
3089,13660.3309134631
3090,
3091,
3092,4515193.84362385
3093,324771.024830931
3094,2287.97019710857
3095,84016.7692778554
3097,41272.5960392631
3099,33181.4212196148
3100,4515193.84362385
3101,
3102,
3104,3802.78852899529
3105,79010.6527854892
3106,2166.1747710573
3107,4211.94776262675
3108,79010.6527854892
3110,555525.011159652
3111,37291.5899433855
3112,37291.5899433855
3113,3735.74297979798
3116,6792.9376846968
3117,710.443333333332
3118,8260.72147407628
3119,3477.634994995
3120,14662.9485156878
3122,1562127.95533321
3123,185735.512949474
3124,105285.260213023
3125,149058.051616033
3126,
3127,15913.5724946469
3128,651814.716216725
3129,113.270799762731
3130,760282.102950947
3131,29753.7792329592
3132,2330126.26404102
3133,2330126.26404102
3134,549826.131273437
3135,21355.6138422531
3136,1504.59411930066
3137,455166.019918218
3139,
3140,12141.6365030747
3141,
3142,2577368.92543012
3143,31187.215554515
3144,208835.808477042
3145,0.0
3146,5191.99102947614
3147,3193.81614223644
3148,9619.52566558021
3149,202976.372449916
3150,
3151,4515193.84362385
3152,
3153,
3154,192725.384637094
3155,192725.384637094
3157,92819.5405419264
3158,92819.5405419264
3159,92819.5405419264
3160,
3161,
3162,1449989.74756223
3163,
3165,
3166,
3167,
3170,
3171,7976.00612716308
3172,
3173,
3174,1539677.98571556
3175,1337.20530142462
3176,273000.032954385
3177,
3178,
3179,
3180,
3181,
3183,
3184,
3185,
3187,
3188,
3189,
3190,8813.10914420947
3191,
3192,76532.1045369371
3193,25620.2159121546
3194,1973.3027379278
3195,2602.23442990654
3196,
3198,147567.000424038
3201,
3202,
3203,
3204,
3205,2594.21898140509
3207,16198.4465323652
3209,4515193.84362385
3210,192725.384637094
3211,24791.4967598173
3212,
3214,
3215,
3216,555525.011159652
3217,45747.3196445784
3218,50584.435417673
3219,
3220,4462.34232216251
3221,4515193.84362385
3222,4515193.84362385
3223,9194.54016032883
3224,2330126.26404102
3225,149058.051616033
3226,4515193.84362385
3227,
3228,7605.84013589075
3229,
3230,273000.032954385
3231,20287.9976676807
3232,
3233,
3234,1586.66812270891
3235,48841.4683902282
3237,2577368.92543012
3238,
3239,4515193.84362385
3240,25018.3825640303
3241,193679.214642997
3242,4287.96872442404
3244,91588.8529839467
3245,1824430.1627795
3246,18563.1686070577
3247,
3248,287.014662665272
3249,
3250,4788.19705625867
3253,
3254,4515193.84362385
3255,
3256,
3257,
3258,
3259,
3260,
3262,
3264,267624.551563416
3265,267624.551563416
3266,732318.676343648
3267,110137.840310177
3268,38776.5740094364
3269,4515193.84362385
3270,219.658333333333
3271,3299.25775777318
3272,60570.916984814
3273,555525.011159652
3275,1562127.95533321
3276,54520.2409225682
3277,54520.2409225682
3278,3485.44670113429
3279,4265.78844435313
3280,2895.8962119894
3281,1419.84607002851
3282,
3283,
3286,
3288,15325.5623856956
3289,638270.041922415
3290,638270.041922415
3291,
3292,638270.041922415
3293,
3295,638270.041922415
3296,
3297,549826.131273437
3298,7567.79517599699
3299,982.628100520857
3300,17154.5817825592
3302,
3303,2766031.00041392
3304,335403.810181978
3305,129037.151038187
3306,4515193.84362385
3308,967.365128205128
3309,1843.8017457749
3311,2926.82418514522
3312,114827.870027487
3313,46783.8246993537
3314,6702.02881741861
3315,16105.1915483865
3317,4037.13704329664
3318,1539677.98571556
3319,6424.58958783466
3320,27014.6444124363
3321,12311.0739317873
3322,3120.67592592592
3324,7342.79763108368
3325,147534.15718796
3327,131185.788136972
3328,25923.6542236863
3329,91588.8529839467
3330,329230.484943377
3331,40177.3832784872
3332,40177.3832784872
3333,2330126.26404102
3334,19139.2119816536
3335,273000.032954385
3336,4515193.84362385
3337,4515193.84362385
3338,4515193.84362385
3339,4515193.84362385
3341,4515193.84362385
3342,4515193.84362385
3343,4515193.84362385
3345,1449989.74756223
3346,110306.047960151
3347,
3348,27365.8726136783
3349,1067.92062804611
3350,
3351,638270.041922415
3352,638270.041922415
3354,
3355,638270.041922415
3356,
3357,
3358,753953.921895901
3360,4414.58373287073
3361,555525.011159652
3362,2820.19493181949
3363,13767.1493143245
3364,2684.95084660169
3365,649.486437857515
3366,
3369,1629.28592699691
3370,
3372,329230.484943377
3373,8284.53308934817
3374,3710.32563361122
3375,273000.032954385
3376,273000.032954385
3377,
3378,2407256.86154646
3379,2407256.86154646
3380,
3381,
3382,
3384,2407256.86154646
3385,
3386,
3387,2407256.86154646
3388,
3392,2407256.86154646
3393,2407256.86154646
3395,2407256.86154646
3397,2407256.86154646
3398,2407256.86154646
3399,
3400,18074.7452960823
3401,1214.02462962963
3402,22497.7917381002
3403,90551.9488434298
3404,90551.9488434298
3405,90551.9488434298
3407,90551.9488434298
3408,90551.9488434298
3409,
3410,2407256.86154646
3411,702213.925562404
3412,702213.925562404
3413,702213.925562404
3414,4013.2776793331
3417,2407256.86154646
3418,2407256.86154646
3419,2407256.86154646
3420,2407256.86154646
3421,2407256.86154646
3422,2407256.86154646
3423,2407256.86154646
3424,2407256.86154646
3425,
3427,
3428,
3429,
3430,
3431,2407256.86154646
3434,
3435,
3437,2407256.86154646
3438,380144.941739462
3439,2330126.26404102
3440,702213.925562404
3441,254232.252469147
3442,254232.252469147
3443,8593.71943358353
3444,1459.48561056105
3445,
3446,51423.7652251212
3447,21507.2729499169
3448,4515193.84362385
3449,4515193.84362385
3451,
3452,47217.7385645302
3453,47217.7385645302
3454,702213.925562404
3455,2330126.26404102
3456,4101.94335855112
3458,4706.79484069489
3459,3006.58930077946
3460,9343.87560555296
3461,3474129.96629439
3462,5413.22951146541
3463,61301.6666769301
3465,638270.041922415
3466,4515193.84362385
3467,47088.3679151351
3468,
3469,38776.5740094364
3470,79217.0740278596
3471,
3473,8224.37857178144
3474,79010.6527854892
3476,1539677.98571556
3477,1154127.18061306
3479,702213.925562404
3481,1154127.18061306
3482,4515193.84362385
3483,
3485,1236455.27451594
3486,1236455.27451594
3487,1236455.27451594
3488,1236455.27451594
3489,1236455.27451594
3490,
3491,1236455.27451594
3492,
3494,1236455.27451594
3495,1236455.27451594
3496,
3497,638270.041922415
3498,7377.95037219054
3499,23391.0528052944
3500,23391.0528052944
3501,2407256.86154646
3502,4515193.84362385
3503,47382.0771948189
3504,2602.23442990654
3505,2041623.39113898
3506,2041623.39113898
3507,2041623.39113898
3508,2041623.39113898
3509,
3510,2041623.39113898
3511,2041623.39113898
3513,2041623.39113898
3514,2041623.39113898
3515,2041623.39113898
3516,2041623.39113898
3517,2041623.39113898
3518,2041623.39113898
3519,2041623.39113898
3520,2041623.39113898
3521,
3522,
3523,2041623.39113898
3524,2041623.39113898
3525,2041623.39113898
3526,2041623.39113898
3527,2041623.39113898
3528,2041623.39113898
3529,2041623.39113898
3530,65090.2542079391
3531,2041623.39113898
3532,2041623.39113898
3534,2041623.39113898
3535,2041623.39113898
3536,2041623.39113898
3537,2041623.39113898
3538,1871.77344191096
3540,260221.504714815
3541,71.3925925925926
3542,6399.45739271914
3543,260221.504714815
3544,260221.504714815
3545,
3546,2570.25529381622
3547,161781.590385308
3548,79645.4170110361
3550,
3551,2041623.39113898
3553,2041623.39113898
3554,5726.803919875
3555,2919.2963736834
3556,380144.941739462
3558,393354.577063995
3560,393354.577063995
3561,393354.577063995
3562,13142.8947311639
3563,2041623.39113898
3564,2041623.39113898
3567,2041623.39113898
3569,
3570,
3571,2041623.39113898
3572,2330126.26404102
3573,2330126.26404102
3574,2330126.26404102
3575,2330126.26404102
3576,2330126.26404102
3577,2330126.26404102
3578,2330126.26404102
3579,2330126.26404102
3580,
3581,2597861.08061383
3582,2597861.08061383
3583,2597861.08061383
3584,2597861.08061383
3585,2597861.08061383
3586,2597861.08061383
3587,2597861.08061383
3588,
3589,2597861.08061383
3590,2597861.08061383
3591,2597861.08061383
3594,2597861.08061383
3595,2597861.08061383
3596,2597861.08061383
3597,2597861.08061383
3600,2597861.08061383
3601,2597861.08061383
3602,
3603,2597861.08061383
3604,2597861.08061383
3606,2597861.08061383
3607,2597861.08061383
3609,2597861.08061383
3610,
3611,3274.34901321469
3612,4212.5753430325
3613,7220.21139392348
3614,3569.33770907961
3615,
3616,42737.8331986459
3618,5822.60723640688
3619,
3620,277705.450020189
3622,277705.450020189
3623,277705.450020189
3624,277705.450020189
3625,277705.450020189
3628,9094.88069243156
3629,5935.93293024047
3630,
3631,767195.255310553
3632,
3633,15737.0064098804
3634,561868.685991346
3635,
3637,
3638,
3639,561868.685991346
3640,12334.8340425895
3641,
3642,
3643,638270.041922415
3645,638270.041922415
3646,
3647,638270.041922415
3648,
3649,638270.041922415
3651,
3652,50623.3114458162
3653,50623.3114458162
3654,50623.3114458162
3656,561868.685991346
3657,
3658,734419.135222316
3659,2330126.26404102
3660,2330126.26404102
3662,2330126.26404102
3663,2330126.26404102
3664,2330126.26404102
3665,2330126.26404102
3666,2330126.26404102
3669,2141160.93535167
3670,2141160.93535167
3671,
3673,2141160.93535167
3676,2141160.93535167
3677,2407256.86154646
3678,235230.79896472
3679,358813.018199414
3680,5086.85993208885
3681,163101.363516471
3682,35650.1349194871
3683,812154.959710401
3685,70481.8832816285
3686,10223.2381895126
3687,42052.1147126154
