cod_loja,UF
1,41
140,41
1205,41
1305,41
1610,41
2266,41
2,53
76,53
77,53
439,53
440,53
441,53
449,53
458,53
513,53
523,53
557,53
615,53
854,53
1020,53
1078,53
1183,53
1253,53
1313,53
1318,53
1945,53
2142,53
2145,53
3289,53
3290,53
3292,53
3295,53
3351,53
3352,53
3355,53
3465,53
3497,53
3643,53
3645,53
3647,53
3649,53
3,35
27,35
34,35
35,35
36,35
199,35
260,35
283,35
295,35
349,35
357,35
389,35
393,35
413,35
536,35
539,35
587,35
622,35
623,35
624,35
630,35
693,35
726,35
743,35
799,35
800,35
803,35
821,35
835,35
848,35
855,35
900,35
902,35
904,35
937,35
1016,35
1017,35
1024,35
1063,35
1064,35
1066,35
1115,35
1118,35
1129,35
1163,35
1166,35
1170,35
1171,35
1182,35
1197,35
1202,35
1211,35
1223,35
1227,35
1228,35
1229,35
1233,35
1243,35
1249,35
1260,35
1263,35
1264,35
1265,35
1266,35
1268,35
1269,35
1280,35
1282,35
1316,35
1342,35
1357,35
1367,35
1371,35
1387,35
1388,35
1407,35
1450,35
1457,35
1459,35
1487,35
1539,35
1559,35
1571,35
1586,35
1615,35
1616,35
1617,35
1661,35
1666,35
1681,35
1683,35
1698,35
1703,35
1717,35
1761,35
1857,35
1873,35
1907,35
1909,35
1915,35
1916,35
1935,35
1958,35
1985,35
1996,35
2006,35
2042,35
2049,35
2059,35
2060,35
2092,35
2158,35
2185,35
2200,35
2232,35
2235,35
2256,35
2265,35
2268,35
2270,35
2281,35
2292,35
2314,35
2317,35
2326,35
2346,35
2353,35
2355,35
2363,35
2364,35
2392,35
2401,35
2407,35
2424,35
2437,35
2438,35
2444,35
2448,35
2458,35
2536,35
2560,35
2567,35
2575,35
2598,35
2602,35
2819,35
2829,35
2871,35
2878,35
2903,35
2906,35
2907,35
2908,35
2909,35
2911,35
2924,35
2980,35
2981,35
3017,35
3060,35
3068,35
3092,35
3100,35
3151,35
3209,35
3221,35
3222,35
3226,35
3239,35
3254,35
3269,35
3306,35
3336,35
3337,35
3338,35
3339,35
3341,35
3342,35
3343,35
3448,35
3449,35
3466,35
3482,35
3502,35
4,31
2409,31
5,16
359,16
1072,16
1741,16
2577,16
2642,16
3264,16
3265,16
6,11
7,11
8,27
9,27
169,27
488,27
2001,27
2002,27
2003,27
2004,27
2005,27
2007,27
2011,27
2012,27
2289,27
2683,27
2706,27
2925,27
11,29
1241,29
1972,29
1989,29
2447,29
3266,29
12,29
14,26
716,26
2030,26
15,26
2098,26
17,29
18,29
19,29
20,29
548,29
2765,29
2973,29
22,29
23,29
1397,29
1721,29
2305,29
2841,29
3358,29
24,25
25,25
1311,25
26,35
270,35
510,35
656,35
1062,35
1324,35
1566,35
2103,35
2301,35
2307,35
2457,35
3018,35
29,35
1938,35
2157,35
2231,35
30,35
1511,35
1922,35
31,35
2868,35
32,35
33,35
783,35
1019,35
1572,35
1625,35
37,35
2584,35
2627,35
38,35
294,35
379,35
2295,35
39,35
2880,35
3305,35
40,35
1889,35
42,35
1400,35
43,35
44,33
45,33
46,33
164,33
174,33
267,33
284,33
343,33
372,33
428,33
470,33
471,33
599,33
942,33
1252,33
1665,33
1951,33
2031,33
2242,33
2263,33
2455,33
2516,33
2590,33
2681,33
2777,33
2780,33
2781,33
2782,33
2783,33
2784,33
2785,33
2786,33
2789,33
2790,33
2791,33
2794,33
2797,33
2798,33
2799,33
2800,33
3005,33
3006,33
3007,33
3009,33
3010,33
3011,33
3012,33
3013,33
3014,33
3132,33
3133,33
3224,33
3333,33
3439,33
3455,33
3572,33
3573,33
3574,33
3575,33
3576,33
3577,33
3578,33
3579,33
3659,33
3660,33
3662,33
3663,33
3664,33
3665,33
3666,33
47,33
48,33
1637,33
49,33
50,32
196,32
754,32
948,32
1348,32
1365,32
2478,32
3485,32
3486,32
3487,32
3488,32
3489,32
3491,32
3494,32
3495,32
51,35
52,35
1521,35
2599,35
2657,35
53,35
1377,35
2831,35
2995,35
54,35
1802,35
56,35
1587,35
1668,35
1746,35
1758,35
1883,35
1911,35
2209,35
57,35
2361,35
58,35
59,35
60,35
1392,35
1476,35
1673,35
2264,35
3055,35
3176,35
3230,35
3335,35
3375,35
3376,35
61,35
204,35
723,35
1203,35
1204,35
1815,35
2027,35
2054,35
2255,35
2282,35
2303,35
2561,35
2668,35
2682,35
2720,35
3477,35
3481,35
62,35
1085,35
1490,35
3548,35
63,35
65,35
66,14
640,14
1315,14
1866,14
2445,14
2993,14
3020,14
67,43
1198,43
1372,43
1891,43
2399,43
2678,43
2916,43
68,43
69,43
70,43
71,43
1339,43
72,22
159,22
386,22
567,22
568,22
578,22
1294,22
1723,22
1952,22
2630,22
3034,22
3048,22
3245,22
74,23
78,31
371,31
709,31
1312,31
1505,31
3110,31
3216,31
3273,31
3361,31
79,31
1333,31
2676,31
80,31
410,31
957,31
81,31
446,31
1285,31
1406,31
1506,31
1670,31
3002,31
83,31
697,31
85,31
86,31
88,31
89,31
2953,31
90,31
1272,31
91,31
1684,31
2446,31
92,31
93,31
1553,31
1578,31
1679,31
2362,31
94,31
293,31
447,31
2342,31
3304,31
95,31
96,31
97,31
831,31
2530,31
2756,31
98,31
291,31
1854,31
1877,31
100,52
237,52
1079,52
1319,52
1352,52
1442,52
1710,52
101,52
102,52
104,52
515,52
105,52
107,52
108,52
109,52
1643,52
1974,52
110,51
111,51
175,51
176,51
720,51
1255,51
1880,51
1995,51
2000,51
2412,51
2670,51
2671,51
112,51
563,51
1488,51
3346,51
113,51
114,50
115,50
116,17
348,17
684,17
118,42
1649,42
120,42
3111,42
3112,42
121,42
122,42
423,42
1010,42
2417,42
123,42
124,42
125,42
126,42
2369,42
128,41
1650,41
130,42
1516,42
2058,42
2083,42
2466,42
3144,42
131,41
416,41
466,41
735,41
925,41
3149,41
133,41
134,41
847,41
1248,41
1256,41
1614,41
135,41
136,41
1330,41
2664,41
137,41
138,41
139,41
465,41
1111,41
3441,41
3442,41
141,41
142,41
143,52
144,52
145,52
146,52
147,52
612,52
939,52
1005,52
1080,52
1081,52
1813,52
1826,52
1867,52
1870,52
1975,52
2393,52
3669,52
3670,52
3673,52
3676,52
148,27
1167,27
1168,27
2332,27
149,43
150,43
1929,43
151,43
456,43
682,43
152,43
1520,43
153,43
2462,43
154,43
155,43
1444,43
1965,43
1978,43
2839,43
156,43
221,43
225,43
309,43
356,43
412,43
511,43
600,43
1049,43
1257,43
1258,43
1325,43
1326,43
1737,43
1773,43
2327,43
2336,43
2421,43
2482,43
2901,43
2963,43
2964,43
2965,43
2967,43
2968,43
2969,43
3303,43
157,43
158,52
163,52
1468,52
2077,52
2588,52
160,23
1379,23
161,13
473,13
509,13
655,13
701,13
807,13
1076,13
1137,13
1138,13
1212,13
1222,13
1271,13
1343,13
1443,13
1581,13
1589,13
1597,13
1599,13
1638,13
1763,13
2260,13
2333,13
2441,13
2570,13
2614,13
2674,13
2922,13
2923,13
3122,13
3275,13
162,11
217,11
3547,11
165,35
3235,35
166,35
167,32
1128,32
1713,32
2038,32
2238,32
2608,32
3051,32
168,35
170,31
171,31
2225,31
172,52
173,35
1640,35
2302,35
2951,35
177,42
532,42
1068,42
1125,42
1132,42
1437,42
2680,42
3053,42
179,42
1779,42
1954,42
1957,42
2178,42
180,31
181,35
182,28
2549,28
3267,28
183,31
184,29
1653,29
185,35
700,35
1177,35
2035,35
2414,35
2725,35
3503,35
186,43
187,51
3193,51
188,42
189,42
190,31
3150,31
191,35
2415,35
2540,35
192,35
193,35
194,35
328,35
689,35
1133,35
2343,35
2345,35
195,35
2758,35
197,35
274,35
629,35
1336,35
1973,35
2026,35
2044,35
2418,35
2827,35
2872,35
198,35
2892,35
205,35
318,35
400,35
433,35
497,35
498,35
499,35
749,35
773,35
873,35
1060,35
1157,35
1174,35
1404,35
1495,35
1473,35
1607,35
1699,35
1744,35
1921,35
2176,35
2291,35
2387,35
2485,35
2626,35
2807,35
2808,35
2809,35
2810,35
3078,35
3174,35
3318,35
3476,35
207,42
258,42
2719,42
2939,42
2944,42
208,22
209,50
210,41
211,51
212,50
236,50
422,50
728,50
1496,50
1504,50
1556,50
1603,50
1910,50
2048,50
2234,50
2587,50
2618,50
2660,50
3658,50
214,31
216,31
611,31
1098,31
1701,31
2237,31
2635,31
218,29
1742,29
219,15
222,43
223,52
224,35
2737,35
226,35
2467,35
3131,35
227,35
1652,35
228,35
307,35
621,35
1472,35
1662,35
3253,35
3255,35
3258,35
3259,35
3260,35
3262,35
229,15
1295,15
230,52
231,41
233,29
238,26
2350,26
239,26
243,50
244,29
2279,29
3357,29
245,25
246,29
247,33
2563,33
248,23
1860,23
2394,23
249,15
250,32
251,41
252,35
2384,35
253,32
256,41
257,32
881,32
2874,32
259,29
263,35
3211,35
264,35
265,33
1968,33
2825,33
3050,33
266,26
1176,26
3091,26
268,35
269,32
1193,32
1894,32
271,25
273,31
275,35
1864,35
2104,35
2533,35
2727,35
3093,35
276,31
277,31
279,28
280,43
281,17
2115,17
282,35
1358,35
2427,35
2735,35
2736,35
2962,35
3039,35
286,27
287,32
288,50
289,51
290,43
2586,43
292,26
296,24
297,25
298,25
299,29
301,35
631,35
2086,35
2102,35
304,41
305,15
487,15
306,24
310,35
311,31
312,24
313,31
2298,31
314,24
316,26
317,25
319,43
320,12
524,12
1337,12
1628,12
1648,12
2213,12
3001,12
3056,12
321,33
322,33
2844,33
324,29
325,29
326,29
329,35
330,23
331,42
332,42
2701,42
335,26
336,29
337,31
338,24
340,24
341,51
342,42
345,43
698,43
346,29
347,41
350,32
351,35
352,17
549,17
704,17
1814,17
354,31
358,15
360,21
363,21
569,21
1424,21
361,43
529,43
530,43
628,43
362,35
364,35
365,43
366,43
1439,43
1751,43
2628,43
367,41
368,31
369,29
1220,29
3679,29
370,29
373,32
374,22
1837,22
2697,22
376,35
377,33
2523,33
378,15
380,35
1299,35
1776,35
382,31
383,15
385,15
712,15
1847,15
2731,15
687,33
1230,33
1706,33
387,23
388,41
390,50
391,43
392,31
395,29
396,31
1608,31
1644,31
1740,31
1745,31
1796,31
1903,31
1977,31
2119,31
2125,31
2126,31
2127,31
2148,31
2151,31
2155,31
2159,31
2160,31
2161,31
2162,31
2187,31
2278,31
2322,31
2323,31
2356,31
2357,31
2358,31
2359,31
2360,31
2548,31
2573,31
2853,31
3461,31
397,35
398,11
399,31
401,35
3462,35
402,25
403,33
654,33
828,33
404,41
405,35
1778,35
2935,35
406,33
407,41
408,35
2406,35
409,31
411,31
414,31
1181,31
2574,31
415,35
417,35
1804,35
418,42
419,24
421,26
424,27
425,43
2707,43
426,25
943,25
429,22
430,41
1807,41
2064,41
2948,41
431,35
432,42
2043,42
434,31
435,31
436,31
437,42
1658,42
2140,42
438,41
442,26
1820,26
443,31
1306,31
1465,31
1606,31
1856,31
1964,31
2180,31
2459,31
2687,31
444,25
445,31
451,29
453,29
454,51
455,41
457,24
459,35
460,23
602,23
809,23
1940,23
2852,23
3631,23
462,35
463,29
464,52
467,41
963,41
2113,41
468,35
1777,35
2385,35
2722,35
469,43
3077,43
472,29
474,29
475,35
478,50
479,50
481,52
482,35
550,35
1417,35
1805,35
1946,35
1997,35
2324,35
483,35
1841,35
2061,35
484,43
485,25
489,27
490,35
491,26
1277,26
2862,26
2930,26
3683,26
492,23
493,29
802,29
979,29
980,29
2099,29
494,33
495,41
496,35
1546,35
2961,35
500,35
823,35
1242,35
502,43
503,50
3334,50
504,27
505,52
1554,52
1963,52
2890,52
506,26
507,26
508,35
2300,35
512,52
516,29
517,43
921,43
1970,43
2524,43
518,35
519,25
1493,25
3634,25
3639,25
3656,25
521,41
1700,41
2983,41
525,52
527,31
1165,31
2528,31
528,25
531,31
533,41
534,17
535,35
1993,35
537,41
3088,41
538,42
1119,42
1127,42
1655,42
1849,42
2881,42
541,26
1327,26
1389,26
1654,26
2056,26
542,35
2288,35
2854,35
544,31
546,50
547,52
551,52
552,52
553,35
554,35
555,35
1979,35
558,26
2090,26
559,42
562,29
2228,29
564,33
1631,33
565,51
3059,51
570,29
571,29
573,50
574,25
576,31
2226,31
577,15
579,31
580,42
2037,42
581,43
582,52
583,11
584,11
585,24
586,41
2405,41
589,35
1715,35
1764,35
2212,35
2214,35
2215,35
2216,35
2275,35
2313,35
2375,35
2377,35
2449,35
2891,35
3438,35
3556,35
590,51
2211,51
591,31
1769,31
2154,31
593,52
594,11
595,35
597,35
1015,35
1576,35
1645,35
1803,35
1904,35
1923,35
2679,35
2692,35
2873,35
2997,35
3134,35
3297,35
598,51
941,51
2632,51
604,24
605,11
606,11
609,11
765,11
1618,11
1845,11
1897,11
2471,11
3075,11
607,43
608,41
1694,41
613,43
614,29
616,17
617,52
619,43
1588,43
691,33
2047,33
625,52
1714,52
626,26
627,26
632,35
633,41
634,25
635,25
638,28
2224,28
639,41
2067,41
642,31
643,52
644,22
647,32
1942,32
2589,32
648,24
649,11
2365,11
2742,11
650,43
651,35
2340,35
657,35
1932,35
2826,35
658,31
659,42
660,52
661,51
662,51
869,51
663,52
664,15
665,27
666,31
667,26
668,25
669,41
1855,41
670,42
671,35
1575,35
672,50
673,32
2899,32
674,28
2430,28
675,35
676,35
677,35
679,35
1999,35
681,23
686,42
690,22
692,43
694,11
695,32
696,43
699,24
702,26
703,33
825,33
826,33
954,33
1542,33
1642,33
2071,33
2603,33
705,31
706,31
707,42
2754,42
710,31
711,35
713,35
1959,35
1980,35
2938,35
714,35
1657,35
717,26
718,25
719,11
1697,11
3123,11
722,35
724,33
1931,33
725,23
727,52
816,26
729,50
731,21
732,31
734,15
736,31
737,31
738,33
849,33
1075,33
1596,33
1908,33
739,42
740,27
741,29
742,43
744,24
745,51
746,29
747,24
748,25
751,29
752,31
753,24
755,41
757,22
759,33
896,33
947,33
1022,33
2875,33
3126,33
761,24
762,29
766,32
767,42
768,35
1121,35
1416,35
1664,35
1998,35
2759,35
769,42
770,22
774,31
775,26
776,26
778,35
779,26
780,35
781,31
782,35
784,51
785,11
786,24
789,15
790,15
955,15
1646,15
792,50
793,42
794,32
795,29
796,29
797,29
798,41
804,35
805,35
806,23
808,35
810,52
811,35
814,33
815,35
817,52
818,43
822,35
824,33
829,33
1912,33
830,26
2138,26
832,52
833,32
834,15
836,21
837,33
852,33
1600,33
2576,33
838,22
839,24
840,24
842,25
843,31
844,23
845,23
846,21
850,31
851,42
853,11
856,31
858,26
859,26
860,50
862,23
863,23
864,23
865,31
3496,31
870,27
872,31
874,41
877,32
878,32
879,43
880,31
882,31
883,31
884,31
886,23
887,31
888,52
889,33
890,29
891,35
892,35
893,35
1738,35
2041,35
894,25
895,29
1913,29
2905,29
897,35
1162,35
1471,35
898,31
899,26
905,29
906,31
908,42
909,42
910,51
911,35
1011,35
1219,35
1801,35
2616,35
2661,35
912,35
1800,35
913,33
915,42
2217,42
3000,42
916,16
2639,16
917,35
918,21
919,29
920,27
922,52
923,11
924,35
2404,35
926,29
927,24
928,24
930,24
931,24
934,24
935,24
1055,24
1474,24
1475,24
1549,24
1639,24
1641,24
1716,24
2089,24
2222,24
3071,24
932,29
933,26
940,51
945,17
946,35
949,32
951,35
956,35
2529,35
959,22
960,35
961,33
962,35
2312,35
964,26
965,29
966,35
1440,35
968,35
1671,35
2996,35
969,43
970,35
2787,35
971,31
972,15
973,32
976,29
977,33
978,26
981,32
982,35
2366,35
2904,35
983,35
3076,35
984,35
985,35
986,31
987,26
988,35
989,29
990,23
991,35
992,32
993,31
994,41
1871,41
995,26
996,43
2019,43
2592,43
2593,43
997,35
998,26
999,15
1000,35
1001,29
1748,29
2820,29
3378,29
3379,29
3384,29
3387,29
3392,29
3393,29
3395,29
3397,29
3398,29
3410,29
3417,29
3418,29
3419,29
3420,29
3421,29
3422,29
3423,29
3424,29
3431,29
3437,29
3501,29
3677,29
1002,33
1003,13
1004,28
1006,43
1009,26
1012,51
1014,31
1018,35
1021,42
1023,50
1026,35
1028,42
1029,23
1030,26
1031,42
1032,23
1035,51
1037,24
1038,25
1040,22
1041,21
1042,27
1044,43
1045,42
1046,42
1846,42
1047,42
1048,35
1609,35
1798,35
2254,35
2843,35
1050,23
1051,23
1053,51
1054,51
1056,24
1057,35
1058,35
1061,35
1067,13
1071,15
1074,52
1077,52
1083,31
1084,31
2429,31
3038,31
1086,26
1250,26
1087,35
1103,35
1464,35
1492,35
2084,35
3061,35
3067,35
1088,35
1090,32
1091,31
1259,31
1456,31
1749,31
2299,31
1095,35
3023,35
1096,29
1097,25
1100,32
1101,27
1102,41
1104,43
1105,42
1107,35
1108,35
1110,28
1112,25
1113,29
1116,35
1117,33
2931,33
1120,31
1122,51
1123,28
1130,23
1131,41
1134,42
1386,42
1135,35
2633,35
3272,35
1136,15
1139,41
1235,41
1236,41
1237,41
1238,41
1239,41
1251,41
1543,41
1790,41
2766,41
3130,41
1140,15
1142,41
1143,26
1144,32
1146,32
1147,32
1149,32
1150,32
1152,43
1154,33
1245,33
1155,35
1158,42
1159,29
1160,29
1161,22
1169,31
1172,35
1178,31
1179,31
1184,42
1185,42
1187,31
1190,42
2024,42
1192,35
1194,29
1195,50
1200,31
1201,35
1206,31
1207,43
1209,51
1210,13
1214,43
1273,43
1498,43
2710,43
1215,41
1216,21
3347,21
1217,25
1218,41
1865,41
1962,41
2130,41
2182,41
2183,41
2184,41
2186,41
2188,41
2196,41
2197,41
2198,41
2199,41
2203,41
2205,41
2206,41
2208,41
2227,41
2229,41
2230,41
2246,41
2248,41
2249,41
2432,41
2433,41
2475,41
2551,41
2578,41
2760,41
3162,41
3345,41
1221,29
1224,42
1225,32
1231,27
1232,35
1240,41
2129,41
1261,23
1262,29
1270,43
1275,43
1276,43
1278,21
1281,35
2769,35
2772,35
3191,35
1284,31
1660,31
1924,31
2581,31
2842,31
1286,35
1288,42
1289,24
1290,35
1291,29
2933,29
1293,15
1296,11
1297,29
1300,22
1301,31
1302,25
1303,26
1344,26
1304,42
1307,29
1309,31
1310,31
1320,31
1611,31
1323,52
1328,31
1329,31
1331,31
1332,31
1340,35
1341,15
1345,35
1346,27
1347,52
1349,35
1351,35
1936,35
2354,35
2648,35
1350,35
1353,29
1762,29
1766,29
2601,29
1354,50
1355,13
1356,35
3451,35
1362,35
1363,35
1364,15
1366,35
2804,35
1369,35
1991,35
1370,27
2016,27
1373,26
1375,50
1376,31
1378,41
1380,31
1381,35
1383,29
1391,50
1441,50
1988,50
2876,50
1393,35
1405,35
2861,35
3016,35
1394,35
1425,35
1887,35
2258,35
2726,35
3468,35
1395,52
1399,21
1401,31
1402,31
1408,21
1409,21
1410,21
1411,21
1428,21
1429,21
1430,21
1432,21
1433,21
1434,21
1446,21
1584,21
1770,21
1934,21
1987,21
2245,21
2518,21
2835,21
2863,21
1412,31
1413,21
1414,21
1420,25
1423,35
1426,24
1427,52
1436,52
1438,35
1445,43
1449,51
1451,28
1453,21
1454,21
1455,31
1458,35
1463,29
1466,21
1467,26
1469,31
1470,11
1477,52
1478,52
1479,50
1480,50
1481,50
1482,35
1483,35
1484,35
1747,35
2029,35
2221,35
2928,35
1486,52
1489,35
1491,52
1494,24
1497,23
1501,31
1508,35
1509,52
1512,35
1513,28
1529,28
1514,23
1515,32
3125,32
3225,32
1517,31
1852,31
1519,21
1522,21
1525,31
2285,31
1526,29
1528,35
2081,35
2611,35
1530,33
1532,24
1533,29
1534,43
1536,15
2569,15
3137,15
1537,15
1540,43
1541,24
1544,23
1545,35
1547,41
1548,35
3218,35
1550,31
1552,41
1555,21
1557,35
1558,35
2858,35
1560,23
1561,29
1562,26
1564,35
1565,31
1567,23
1573,51
1577,29
1579,21
1582,43
1585,22
1590,43
1591,26
1592,35
1593,28
1594,31
2947,31
1601,26
1604,33
1627,33
1612,28
1619,33
1620,35
3686,35
1621,35
1622,21
1629,23
1630,31
1633,50
1634,21
1635,17
1636,17
1647,22
1651,15
1656,35
1659,26
1663,26
1672,35
1675,33
2960,33
1676,33
1677,33
1680,52
1687,35
1688,35
1689,35
1690,35
1702,35
2431,35
1691,35
1692,29
1693,35
1695,43
1704,33
1705,33
1707,43
1709,35
1711,35
1712,26
1718,23
1719,23
1720,35
1722,42
1725,24
1726,35
1727,35
1728,52
1729,31
1730,31
1731,31
1733,26
1735,29
1736,31
1739,50
2659,50
1750,42
1753,41
1806,41
1755,25
1756,35
1759,31
1765,41
2309,41
1767,26
1771,50
1772,31
1775,41
1780,41
1781,43
1782,41
1783,26
1784,31
1785,35
1786,33
1792,29
1793,41
1797,31
1810,50
1816,50
1812,31
1817,51
1818,35
1937,35
2297,35
3003,35
1821,26
1822,35
1823,52
1827,29
1828,22
1829,22
1830,22
1831,22
1832,22
1833,22
1834,35
1840,35
1844,28
1848,15
1850,29
1859,24
1875,35
1878,29
1879,51
1881,35
1884,25
1886,24
1892,26
1893,42
1895,43
1900,28
1902,25
1914,24
1917,27
1925,25
1926,42
1947,42
3143,42
1928,31
1939,31
1941,35
2813,35
1948,43
1950,23
1953,26
1956,24
1960,35
1961,29
1966,41
2738,41
2739,41
2740,41
3128,41
1969,28
1981,43
1994,51
2013,35
2014,27
2017,35
2021,35
2022,35
2532,35
3044,35
3045,35
3079,35
3214,35
3215,35
3229,35
3238,35
2023,35
2032,42
2033,41
2034,41
2036,43
2663,43
3074,43
2045,43
2051,35
2052,28
2053,24
2055,50
2057,43
2062,27
2063,27
2065,24
2069,32
2239,32
2686,32
2882,32
3490,32
3492,32
2073,43
2075,29
2076,25
2078,24
2079,28
2164,28
2167,28
2168,28
2169,28
2172,28
2310,28
2080,29
2082,35
2085,31
2087,35
2088,26
2093,29
2094,25
2095,35
2097,29
2100,24
2105,35
2106,35
2107,35
2108,35
2109,23
2110,23
2112,43
2117,42
2118,42
2124,42
2267,42
2400,42
2539,42
2122,42
2123,31
2137,35
2141,31
2147,29
2170,35
2174,26
2175,25
2179,43
2189,50
2190,29
2191,26
2192,26
2194,26
2204,41
2210,21
2219,29
2479,29
2220,31
2233,28
2728,28
2243,31
2244,41
2247,35
2251,52
2851,52
2259,23
2261,42
2271,35
2272,41
2273,43
2274,35
2276,35
2286,25
2287,31
2290,35
2293,41
2335,41
2304,31
2311,35
2315,35
2316,35
2318,23
2319,35
2320,31
2325,41
3217,41
2329,35
2330,24
2338,35
2339,35
2344,52
2348,21
2349,35
2351,23
2352,23
2370,42
2371,41
2372,31
2373,31
2374,31
2378,41
2381,52
2383,35
2389,33
2391,33
2395,23
2396,23
2397,31
2398,23
2402,26
2408,29
2411,22
2428,26
2434,51
2435,51
2442,29
2443,35
2450,42
2453,24
2456,41
2460,31
2468,28
2470,28
2472,23
2473,29
2474,23
2476,35
2477,35
2566,35
2625,35
2666,35
2480,22
2483,29
2486,23
2490,23
2491,23
2492,23
2493,23
2495,23
2496,23
2497,23
2499,23
2500,23
2501,23
2502,23
2506,23
2508,23
2509,23
2510,23
2511,23
2512,23
2555,23
2617,23
2634,23
2654,23
2672,23
2698,23
2859,23
2926,23
3142,23
3237,23
2489,23
2503,23
2505,23
3049,23
2507,23
2645,23
2514,24
2515,29
2517,23
2519,15
2520,21
2521,35
2522,52
2525,16
2526,43
2531,21
2538,21
2541,35
2542,35
2544,31
2547,31
2821,31
3678,31
2545,31
2546,31
2552,43
3558,43
3560,43
3561,43
2553,35
2554,35
2556,35
2557,35
2558,31
2559,24
2568,29
2572,35
2582,23
2591,42
2595,43
2597,31
2600,41
2606,43
2607,43
2609,43
2610,43
2612,29
2615,23
2619,29
2620,29
2621,33
2624,33
2622,33
2623,33
2629,35
2636,43
2638,33
2640,31
2641,31
2643,29
2647,29
2644,29
2653,23
2656,22
3681,22
2658,43
2675,41
2690,41
2691,35
2693,29
2694,23
2696,22
2699,35
3035,35
2703,23
2709,42
2711,35
2712,35
2713,35
2714,35
2715,35
2716,35
2717,35
2718,35
2721,23
2723,35
2732,35
2729,21
2734,17
2743,51
2744,23
2747,31
2749,31
2750,31
2751,43
2753,32
2762,43
2764,43
2767,27
2768,35
2775,35
2896,35
2897,35
2898,35
3249,35
2770,42
2771,35
2893,35
2773,41
2793,26
2795,26
2802,26
2803,26
2805,31
2806,21
2811,35
2812,35
2814,35
2900,35
2816,35
2817,27
2818,27
2823,35
2824,35
2832,21
2833,21
2834,21
2836,29
2838,31
3198,31
2845,27
2846,35
2848,35
2850,27
2856,23
2857,23
2865,43
2866,43
2869,31
2870,23
2879,43
2883,35
2886,35
2887,35
2884,41
2885,41
2888,41
2912,26
2913,29
2914,41
2915,33
2974,33
2975,33
2977,33
2917,41
2918,41
2919,41
2920,41
2921,41
2927,52
2940,23
2941,23
2942,23
2946,22
2949,41
2952,41
3685,41
2955,43
2956,33
2957,33
2959,41
2970,50
2971,50
2972,15
2978,42
3052,42
2979,35
2982,26
3105,26
3108,26
3474,26
2985,42
2986,35
3027,35
2987,35
2988,23
2989,41
2990,41
2994,31
2998,35
2999,35
3015,23
3019,31
3021,31
3022,31
3024,31
3025,43
3026,35
3028,35
3029,23
3030,23
3031,23
3032,23
3036,15
3037,15
3040,43
3095,43
3041,35
3042,23
3043,23
3046,43
3047,43
3058,26
3062,31
3063,29
3064,29
3241,29
3065,29
3066,29
3070,35
3072,35
3073,35
3080,35
3081,26
3083,35
3084,35
3212,35
3085,41
3087,41
3089,41
3094,43
3097,52
3099,42
3101,33
3102,33
3104,26
3106,26
3107,26
3113,11
3116,32
3117,32
3118,31
3119,31
3120,32
3124,29
3127,41
3129,35
3135,41
3136,15
3139,43
3140,43
3141,43
3145,35
3146,29
3147,29
3148,29
3152,31
3203,31
3154,31
3155,31
3210,31
3157,17
3158,17
3159,17
3161,41
3163,41
3165,41
3166,41
3167,41
3170,33
3172,33
3173,33
3171,33
3175,33
3177,35
3178,35
3179,35
3180,35
3181,35
3183,35
3184,35
3185,35
3187,35
3188,35
3189,35
3256,35
3257,35
3550,35
3190,35
3192,51
3194,51
3195,41
3504,41
3196,43
3201,43
3202,43
3204,43
3205,43
3207,29
3220,16
3223,52
3227,35
3283,35
3228,51
3231,31
3232,31
3233,31
3234,35
3240,29
3242,29
3244,33
3329,33
3246,33
3248,35
3250,31
3268,33
3469,33
3270,52
3271,35
3276,35
3277,35
3278,35
3279,35
3280,35
3281,35
3286,41
3288,15
3298,35
3299,35
3300,35
3302,41
3308,26
3309,26
3311,26
3312,26
3313,26
3314,51
3315,51
3317,50
3319,21
3320,21
3321,21
3322,21
3324,21
3325,21
3327,21
3328,21
3330,33
3372,33
3331,35
3332,35
3348,32
3349,35
3360,43
3362,35
3363,35
3364,35
3365,35
3366,25
3369,25
3373,35
3374,35
3386,29
3400,41
3401,41
3402,35
3403,35
3404,35
3405,35
3407,35
3408,35
3409,31
3411,25
3412,25
3413,25
3440,25
3454,25
3479,25
3414,41
3427,29
3428,29
3429,29
3430,29
3434,29
3443,43
3444,29
3446,13
3447,13
3452,51
3453,51
3456,23
3458,23
3459,23
3460,23
3463,21
3467,26
3470,15
3473,15
3498,32
3499,32
3500,32
3505,26
3506,26
3507,26
3508,26
3510,26
3511,26
3513,26
3514,26
3515,26
3516,26
3517,26
3518,26
3519,26
3520,26
3523,26
3524,26
3525,26
3526,26
3527,26
3528,26
3529,26
3531,26
3532,26
3534,26
3535,26
3536,26
3537,26
3551,26
3553,26
3563,26
3564,26
3567,26
3571,26
3509,26
3521,26
3522,26
3569,26
3570,26
3530,35
3538,35
3540,24
3543,24
3544,24
3541,24
3542,24
3546,41
3554,43
3555,43
3562,43
3580,42
3581,15
3582,15
3583,15
3584,15
3585,15
3586,15
3587,15
3589,15
3590,15
3591,15
3594,15
3595,15
3596,15
3597,15
3600,15
3601,15
3603,15
3604,15
3606,15
3607,15
3609,15
3588,15
3619,15
3611,25
3612,25
3613,25
3614,25
3616,41
3618,41
3620,43
3622,43
3623,43
3624,43
3625,43
3628,23
3629,23
3632,23
3633,23
3637,33
3638,33
3640,15
3652,52
3653,52
3654,52
3680,15
3682,51
3687,42
